id,calories,timestamp,date,totalintensity,averageintensity,steptotal
6962181067,54,2016-03-12 00:00:00,2016-03-12,0,0.0,0
6962181067,54,2016-03-12 01:00:00,2016-03-12,0,0.0,0
6962181067,54,2016-03-12 02:00:00,2016-03-12,0,0.0,0
6962181067,54,2016-03-12 03:00:00,2016-03-12,0,0.0,0
6962181067,54,2016-03-12 04:00:00,2016-03-12,0,0.0,0
6962181067,54,2016-03-12 05:00:00,2016-03-12,0,0.0,0
6962181067,54,2016-03-12 06:00:00,2016-03-12,0,0.0,0
6962181067,126,2016-03-12 07:00:00,2016-03-12,38,0.633333,975
6962181067,124,2016-03-12 08:00:00,2016-03-12,30,0.5,1166
6962181067,224,2016-03-12 09:00:00,2016-03-12,90,1.5,3283
6962181067,111,2016-03-12 10:00:00,2016-03-12,31,0.516667,688
6962181067,106,2016-03-12 11:00:00,2016-03-12,29,0.483333,586
6962181067,234,2016-03-12 12:00:00,2016-03-12,103,1.716667,3216
6962181067,83,2016-03-12 13:00:00,2016-03-12,12,0.2,198
6962181067,62,2016-03-12 14:00:00,2016-03-12,3,0.05,110
6962181067,69,2016-03-12 15:00:00,2016-03-12,8,0.133333,148
6962181067,171,2016-03-12 16:00:00,2016-03-12,61,1.016667,2406
6962181067,181,2016-03-12 17:00:00,2016-03-12,62,1.033333,2538
6962181067,88,2016-03-12 18:00:00,2016-03-12,17,0.283333,476
6962181067,96,2016-03-12 19:00:00,2016-03-12,13,0.216667,839
6962181067,56,2016-03-12 20:00:00,2016-03-12,1,0.016667,9
6962181067,58,2016-03-12 21:00:00,2016-03-12,2,0.033333,33
6962181067,54,2016-03-12 22:00:00,2016-03-12,0,0.0,0
6962181067,54,2016-03-12 23:00:00,2016-03-12,0,0.0,0
6962181067,54,2016-03-13 00:00:00,2016-03-13,0,0.0,0
6962181067,54,2016-03-13 01:00:00,2016-03-13,0,0.0,0
6962181067,57,2016-03-13 02:00:00,2016-03-13,2,0.033333,29
6962181067,54,2016-03-13 03:00:00,2016-03-13,0,0.0,0
6962181067,54,2016-03-13 04:00:00,2016-03-13,0,0.0,0
6962181067,54,2016-03-13 05:00:00,2016-03-13,0,0.0,0
6962181067,54,2016-03-13 06:00:00,2016-03-13,0,0.0,0
6962181067,54,2016-03-13 07:00:00,2016-03-13,0,0.0,0
6962181067,126,2016-03-13 08:00:00,2016-03-13,33,0.55,858
6962181067,90,2016-03-13 09:00:00,2016-03-13,11,0.183333,433
6962181067,118,2016-03-13 10:00:00,2016-03-13,25,0.416667,555
6962181067,120,2016-03-13 11:00:00,2016-03-13,35,0.583333,825
6962181067,124,2016-03-13 12:00:00,2016-03-13,32,0.533333,1014
6962181067,78,2016-03-13 13:00:00,2016-03-13,7,0.116667,220
6962181067,57,2016-03-13 14:00:00,2016-03-13,1,0.016667,32
6962181067,68,2016-03-13 15:00:00,2016-03-13,7,0.116667,172
6962181067,145,2016-03-13 16:00:00,2016-03-13,44,0.733333,1469
6962181067,147,2016-03-13 17:00:00,2016-03-13,49,0.816667,1285
6962181067,75,2016-03-13 18:00:00,2016-03-13,12,0.2,230
6962181067,86,2016-03-13 19:00:00,2016-03-13,16,0.266667,417
6962181067,74,2016-03-13 20:00:00,2016-03-13,11,0.183333,147
6962181067,157,2016-03-13 21:00:00,2016-03-13,54,0.9,2169
6962181067,76,2016-03-13 22:00:00,2016-03-13,12,0.2,219
6962181067,73,2016-03-13 23:00:00,2016-03-13,12,0.2,162
6962181067,56,2016-03-14 00:00:00,2016-03-14,1,0.016667,26
6962181067,55,2016-03-14 01:00:00,2016-03-14,0,0.0,0
6962181067,54,2016-03-14 02:00:00,2016-03-14,0,0.0,0
6962181067,54,2016-03-14 03:00:00,2016-03-14,0,0.0,0
6962181067,56,2016-03-14 04:00:00,2016-03-14,1,0.016667,4
6962181067,54,2016-03-14 05:00:00,2016-03-14,0,0.0,0
6962181067,58,2016-03-14 06:00:00,2016-03-14,1,0.016667,13
6962181067,138,2016-03-14 07:00:00,2016-03-14,41,0.683333,976
6962181067,117,2016-03-14 08:00:00,2016-03-14,33,0.55,806
6962181067,109,2016-03-14 09:00:00,2016-03-14,28,0.466667,589
6962181067,123,2016-03-14 10:00:00,2016-03-14,30,0.5,1031
6962181067,102,2016-03-14 11:00:00,2016-03-14,21,0.35,593
6962181067,153,2016-03-14 12:00:00,2016-03-14,36,0.6,941
6962181067,132,2016-03-14 13:00:00,2016-03-14,37,0.616667,751
6962181067,71,2016-03-14 14:00:00,2016-03-14,9,0.15,184
6962181067,157,2016-03-14 15:00:00,2016-03-14,48,0.8,2034
6962181067,117,2016-03-14 16:00:00,2016-03-14,31,0.516667,894
6962181067,242,2016-03-14 17:00:00,2016-03-14,92,1.533333,3949
6962181067,98,2016-03-14 18:00:00,2016-03-14,21,0.35,706
6962181067,69,2016-03-14 19:00:00,2016-03-14,7,0.116667,197
6962181067,72,2016-03-14 20:00:00,2016-03-14,8,0.133333,228
6962181067,59,2016-03-14 21:00:00,2016-03-14,2,0.033333,29
6962181067,56,2016-03-14 22:00:00,2016-03-14,0,0.0,0
6962181067,57,2016-03-14 23:00:00,2016-03-14,1,0.016667,48
6962181067,54,2016-03-15 00:00:00,2016-03-15,0,0.0,0
6962181067,59,2016-03-15 01:00:00,2016-03-15,2,0.033333,44
6962181067,54,2016-03-15 02:00:00,2016-03-15,0,0.0,0
6962181067,54,2016-03-15 03:00:00,2016-03-15,0,0.0,0
6962181067,54,2016-03-15 04:00:00,2016-03-15,0,0.0,0
6962181067,58,2016-03-15 05:00:00,2016-03-15,2,0.033333,34
6962181067,55,2016-03-15 06:00:00,2016-03-15,0,0.0,0
6962181067,133,2016-03-15 07:00:00,2016-03-15,43,0.716667,870
6962181067,90,2016-03-15 08:00:00,2016-03-15,16,0.266667,412
6962181067,65,2016-03-15 09:00:00,2016-03-15,6,0.1,54
6962181067,72,2016-03-15 10:00:00,2016-03-15,7,0.116667,296
6962181067,77,2016-03-15 11:00:00,2016-03-15,12,0.2,235
6962181067,68,2016-03-15 12:00:00,2016-03-15,7,0.116667,72
6962181067,91,2016-03-15 13:00:00,2016-03-15,16,0.266667,381
6962181067,85,2016-03-15 14:00:00,2016-03-15,12,0.2,483
6962181067,178,2016-03-15 15:00:00,2016-03-15,57,0.95,2341
6962181067,164,2016-03-15 16:00:00,2016-03-15,57,0.95,1802
6962181067,91,2016-03-15 17:00:00,2016-03-15,19,0.316667,361
6962181067,76,2016-03-15 18:00:00,2016-03-15,12,0.2,207
6962181067,101,2016-03-15 19:00:00,2016-03-15,24,0.4,544
6962181067,113,2016-03-15 20:00:00,2016-03-15,34,0.566667,1029
6962181067,105,2016-03-15 21:00:00,2016-03-15,28,0.466667,948
6962181067,56,2016-03-15 22:00:00,2016-03-15,1,0.016667,7
6962181067,57,2016-03-15 23:00:00,2016-03-15,1,0.016667,36
6962181067,55,2016-03-16 00:00:00,2016-03-16,0,0.0,0
6962181067,54,2016-03-16 01:00:00,2016-03-16,0,0.0,0
6962181067,56,2016-03-16 02:00:00,2016-03-16,1,0.016667,4
6962181067,55,2016-03-16 03:00:00,2016-03-16,0,0.0,0
6962181067,54,2016-03-16 04:00:00,2016-03-16,0,0.0,0
6962181067,57,2016-03-16 05:00:00,2016-03-16,2,0.033333,13
6962181067,62,2016-03-16 06:00:00,2016-03-16,4,0.066667,91
6962181067,132,2016-03-16 07:00:00,2016-03-16,43,0.716667,900
6962181067,89,2016-03-16 08:00:00,2016-03-16,16,0.266667,463
6962181067,68,2016-03-16 09:00:00,2016-03-16,8,0.133333,59
6962181067,60,2016-03-16 10:00:00,2016-03-16,2,0.033333,12
6962181067,84,2016-03-16 11:00:00,2016-03-16,18,0.3,309
6962181067,94,2016-03-16 12:00:00,2016-03-16,16,0.266667,587
6962181067,143,2016-03-16 13:00:00,2016-03-16,30,0.5,1415
6962181067,144,2016-03-16 14:00:00,2016-03-16,39,0.65,831
6962181067,158,2016-03-16 15:00:00,2016-03-16,35,0.583333,1418
6962181067,209,2016-03-16 16:00:00,2016-03-16,66,1.1,2041
6962181067,170,2016-03-16 17:00:00,2016-03-16,44,0.733333,1408
6962181067,119,2016-03-16 18:00:00,2016-03-16,25,0.416667,928
6962181067,147,2016-03-16 19:00:00,2016-03-16,34,0.566667,1023
6962181067,146,2016-03-16 20:00:00,2016-03-16,33,0.55,1425
6962181067,115,2016-03-16 21:00:00,2016-03-16,23,0.383333,815
6962181067,145,2016-03-16 22:00:00,2016-03-16,48,0.8,1489
6962181067,107,2016-03-16 23:00:00,2016-03-16,18,0.3,1005
6962181067,57,2016-03-17 00:00:00,2016-03-17,2,0.033333,12
6962181067,55,2016-03-17 01:00:00,2016-03-17,0,0.0,0
6962181067,54,2016-03-17 02:00:00,2016-03-17,0,0.0,0
6962181067,54,2016-03-17 03:00:00,2016-03-17,0,0.0,0
6962181067,54,2016-03-17 04:00:00,2016-03-17,0,0.0,0
6962181067,55,2016-03-17 05:00:00,2016-03-17,0,0.0,0
6962181067,56,2016-03-17 06:00:00,2016-03-17,1,0.016667,8
6962181067,85,2016-03-17 07:00:00,2016-03-17,15,0.25,385
6962181067,135,2016-03-17 08:00:00,2016-03-17,40,0.666667,790
6962181067,178,2016-03-17 09:00:00,2016-03-17,55,0.916667,2138
6962181067,133,2016-03-17 10:00:00,2016-03-17,36,0.6,1048
6962181067,159,2016-03-17 11:00:00,2016-03-17,38,0.633333,1846
6962181067,141,2016-03-17 12:00:00,2016-03-17,32,0.533333,1242
6962181067,105,2016-03-17 13:00:00,2016-03-17,21,0.35,752
6962181067,123,2016-03-17 14:00:00,2016-03-17,26,0.433333,1169
6962181067,188,2016-03-17 15:00:00,2016-03-17,43,0.716667,2449
6962181067,221,2016-03-17 16:00:00,2016-03-17,83,1.383333,3214
6962181067,122,2016-03-17 17:00:00,2016-03-17,33,0.55,1224
6962181067,158,2016-03-17 18:00:00,2016-03-17,45,0.75,2040
6962181067,232,2016-03-17 19:00:00,2016-03-17,75,1.25,3330
6962181067,153,2016-03-17 20:00:00,2016-03-17,52,0.866667,1909
6962181067,171,2016-03-17 21:00:00,2016-03-17,57,0.95,2510
6962181067,57,2016-03-17 22:00:00,2016-03-17,2,0.033333,19
6962181067,57,2016-03-17 23:00:00,2016-03-17,1,0.016667,15
6962181067,54,2016-03-18 00:00:00,2016-03-18,0,0.0,0
6962181067,54,2016-03-18 01:00:00,2016-03-18,0,0.0,0
6962181067,55,2016-03-18 02:00:00,2016-03-18,0,0.0,0
6962181067,55,2016-03-18 03:00:00,2016-03-18,0,0.0,0
6962181067,60,2016-03-18 04:00:00,2016-03-18,3,0.05,51
6962181067,55,2016-03-18 05:00:00,2016-03-18,0,0.0,0
6962181067,54,2016-03-18 06:00:00,2016-03-18,0,0.0,0
6962181067,65,2016-03-18 07:00:00,2016-03-18,6,0.1,96
6962181067,147,2016-03-18 08:00:00,2016-03-18,35,0.583333,1437
6962181067,181,2016-03-18 09:00:00,2016-03-18,64,1.066667,2057
6962181067,165,2016-03-18 10:00:00,2016-03-18,46,0.766667,1817
6962181067,144,2016-03-18 11:00:00,2016-03-18,33,0.55,1644
6962181067,136,2016-03-18 12:00:00,2016-03-18,39,0.65,1307
6962181067,157,2016-03-18 13:00:00,2016-03-18,37,0.616667,1671
6962181067,166,2016-03-18 14:00:00,2016-03-18,48,0.8,1308
6962181067,147,2016-03-18 15:00:00,2016-03-18,36,0.6,896
6962181067,155,2016-03-18 16:00:00,2016-03-18,42,0.7,1603
6962181067,144,2016-03-18 17:00:00,2016-03-18,31,0.516667,1376
6962181067,74,2016-03-18 18:00:00,2016-03-18,8,0.133333,166
6962181067,120,2016-03-18 19:00:00,2016-03-18,24,0.4,910
6962181067,210,2016-03-18 20:00:00,2016-03-18,73,1.216667,2511
6962181067,178,2016-03-18 21:00:00,2016-03-18,56,0.933333,1037
6962181067,197,2016-03-18 22:00:00,2016-03-18,67,1.116667,2476
6962181067,103,2016-03-18 23:00:00,2016-03-18,20,0.333333,708
6962181067,55,2016-03-19 00:00:00,2016-03-19,0,0.0,0
6962181067,54,2016-03-19 01:00:00,2016-03-19,0,0.0,0
6962181067,55,2016-03-19 02:00:00,2016-03-19,0,0.0,0
6962181067,55,2016-03-19 03:00:00,2016-03-19,0,0.0,0
6962181067,54,2016-03-19 04:00:00,2016-03-19,0,0.0,0
6962181067,54,2016-03-19 05:00:00,2016-03-19,0,0.0,0
6962181067,54,2016-03-19 06:00:00,2016-03-19,0,0.0,0
6962181067,56,2016-03-19 07:00:00,2016-03-19,1,0.016667,7
6962181067,62,2016-03-19 08:00:00,2016-03-19,5,0.083333,41
6962181067,82,2016-03-19 09:00:00,2016-03-19,15,0.25,268
6962181067,162,2016-03-19 10:00:00,2016-03-19,41,0.683333,1991
6962181067,206,2016-03-19 11:00:00,2016-03-19,68,1.133333,3185
6962181067,158,2016-03-19 12:00:00,2016-03-19,47,0.783333,1846
6962181067,76,2016-03-19 13:00:00,2016-03-19,13,0.216667,203
6962181067,135,2016-03-19 14:00:00,2016-03-19,27,0.45,1577
6962181067,151,2016-03-19 15:00:00,2016-03-19,50,0.833333,1767
6962181067,59,2016-03-19 16:00:00,2016-03-19,2,0.033333,14
6962181067,157,2016-03-19 17:00:00,2016-03-19,44,0.733333,2268
6962181067,156,2016-03-19 18:00:00,2016-03-19,52,0.866667,2206
6962181067,93,2016-03-19 19:00:00,2016-03-19,15,0.25,698
6962181067,241,2016-03-19 20:00:00,2016-03-19,91,1.516667,4277
6962181067,55,2016-03-19 21:00:00,2016-03-19,0,0.0,0
6962181067,68,2016-03-19 22:00:00,2016-03-19,7,0.116667,70
6962181067,56,2016-03-19 23:00:00,2016-03-19,1,0.016667,6
6962181067,54,2016-03-20 00:00:00,2016-03-20,0,0.0,0
6962181067,55,2016-03-20 01:00:00,2016-03-20,1,0.016667,6
6962181067,57,2016-03-20 02:00:00,2016-03-20,2,0.033333,17
6962181067,55,2016-03-20 03:00:00,2016-03-20,0,0.0,0
6962181067,54,2016-03-20 04:00:00,2016-03-20,0,0.0,0
6962181067,54,2016-03-20 05:00:00,2016-03-20,0,0.0,0
6962181067,54,2016-03-20 06:00:00,2016-03-20,0,0.0,0
6962181067,64,2016-03-20 07:00:00,2016-03-20,5,0.083333,117
6962181067,111,2016-03-20 08:00:00,2016-03-20,29,0.483333,702
6962181067,155,2016-03-20 09:00:00,2016-03-20,44,0.733333,2108
6962181067,101,2016-03-20 10:00:00,2016-03-20,15,0.25,924
6962181067,107,2016-03-20 11:00:00,2016-03-20,21,0.35,880
6962181067,157,2016-03-20 12:00:00,2016-03-20,41,0.683333,1651
6962181067,127,2016-03-20 13:00:00,2016-03-20,29,0.483333,1148
6962181067,185,2016-03-20 14:00:00,2016-03-20,63,1.05,2688
6962181067,114,2016-03-20 15:00:00,2016-03-20,24,0.4,782
6962181067,140,2016-03-20 16:00:00,2016-03-20,39,0.65,1678
6962181067,144,2016-03-20 17:00:00,2016-03-20,30,0.5,1459
6962181067,91,2016-03-20 18:00:00,2016-03-20,18,0.3,484
6962181067,98,2016-03-20 19:00:00,2016-03-20,17,0.283333,717
6962181067,192,2016-03-20 20:00:00,2016-03-20,58,0.966667,2858
6962181067,125,2016-03-20 21:00:00,2016-03-20,22,0.366667,1361
6962181067,96,2016-03-20 22:00:00,2016-03-20,22,0.366667,473
6962181067,55,2016-03-20 23:00:00,2016-03-20,0,0.0,0
6962181067,54,2016-03-21 00:00:00,2016-03-21,0,0.0,0
6962181067,54,2016-03-21 01:00:00,2016-03-21,0,0.0,0
6962181067,55,2016-03-21 02:00:00,2016-03-21,0,0.0,0
6962181067,54,2016-03-21 03:00:00,2016-03-21,0,0.0,0
6962181067,54,2016-03-21 04:00:00,2016-03-21,0,0.0,0
6962181067,55,2016-03-21 05:00:00,2016-03-21,0,0.0,0
6962181067,54,2016-03-21 06:00:00,2016-03-21,0,0.0,0
6962181067,112,2016-03-21 07:00:00,2016-03-21,24,0.4,965
6962181067,130,2016-03-21 08:00:00,2016-03-21,33,0.55,1195
6962181067,174,2016-03-21 09:00:00,2016-03-21,63,1.05,2400
6962181067,125,2016-03-21 10:00:00,2016-03-21,26,0.433333,1306
6962181067,75,2016-03-21 11:00:00,2016-03-21,10,0.166667,255
6962181067,194,2016-03-21 12:00:00,2016-03-21,65,1.083333,2890
6962181067,179,2016-03-21 13:00:00,2016-03-21,46,0.766667,1874
6962181067,165,2016-03-21 14:00:00,2016-03-21,49,0.816667,2160
6962181067,219,2016-03-21 15:00:00,2016-03-21,66,1.1,2965
6962181067,112,2016-03-21 16:00:00,2016-03-21,29,0.483333,1122
6962181067,128,2016-03-21 17:00:00,2016-03-21,32,0.533333,1262
6962181067,119,2016-03-21 18:00:00,2016-03-21,31,0.516667,1184
6962181067,101,2016-03-21 19:00:00,2016-03-21,22,0.366667,688
6962181067,58,2016-03-21 20:00:00,2016-03-21,1,0.016667,9
6962181067,56,2016-03-21 21:00:00,2016-03-21,0,0.0,0
6962181067,60,2016-03-21 22:00:00,2016-03-21,2,0.033333,12
6962181067,61,2016-03-21 23:00:00,2016-03-21,3,0.05,42
6962181067,82,2016-03-22 00:00:00,2016-03-22,16,0.266667,265
6962181067,59,2016-03-22 01:00:00,2016-03-22,3,0.05,42
6962181067,54,2016-03-22 02:00:00,2016-03-22,0,0.0,0
6962181067,54,2016-03-22 03:00:00,2016-03-22,0,0.0,0
6962181067,54,2016-03-22 04:00:00,2016-03-22,0,0.0,0
6962181067,55,2016-03-22 05:00:00,2016-03-22,0,0.0,0
6962181067,55,2016-03-22 06:00:00,2016-03-22,0,0.0,0
6962181067,57,2016-03-22 07:00:00,2016-03-22,2,0.033333,14
6962181067,56,2016-03-22 08:00:00,2016-03-22,1,0.016667,17
6962181067,76,2016-03-22 09:00:00,2016-03-22,12,0.2,226
6962181067,95,2016-03-22 10:00:00,2016-03-22,18,0.3,525
6962181067,79,2016-03-22 11:00:00,2016-03-22,13,0.216667,232
6962181067,67,2016-03-22 12:00:00,2016-03-22,6,0.1,46
6962181067,69,2016-03-22 13:00:00,2016-03-22,5,0.083333,191
6962181067,71,2016-03-22 14:00:00,2016-03-22,10,0.166667,88
6962181067,66,2016-03-22 15:00:00,2016-03-22,7,0.116667,67
6962181067,81,2016-03-22 16:00:00,2016-03-22,14,0.233333,316
6962181067,129,2016-03-22 17:00:00,2016-03-22,34,0.566667,1136
6962181067,86,2016-03-22 18:00:00,2016-03-22,17,0.283333,387
6962181067,113,2016-03-22 19:00:00,2016-03-22,33,0.55,1090
6962181067,316,2016-03-22 20:00:00,2016-03-22,152,2.533333,6130
6962181067,66,2016-03-22 21:00:00,2016-03-22,6,0.1,279
6962181067,56,2016-03-22 22:00:00,2016-03-22,0,0.0,0
6962181067,54,2016-03-22 23:00:00,2016-03-22,0,0.0,0
6962181067,54,2016-03-23 00:00:00,2016-03-23,0,0.0,0
6962181067,54,2016-03-23 01:00:00,2016-03-23,0,0.0,0
6962181067,54,2016-03-23 02:00:00,2016-03-23,0,0.0,0
6962181067,54,2016-03-23 03:00:00,2016-03-23,0,0.0,0
6962181067,54,2016-03-23 04:00:00,2016-03-23,0,0.0,0
6962181067,54,2016-03-23 05:00:00,2016-03-23,0,0.0,0
6962181067,54,2016-03-23 06:00:00,2016-03-23,0,0.0,0
6962181067,54,2016-03-23 07:00:00,2016-03-23,0,0.0,0
6962181067,54,2016-03-23 08:00:00,2016-03-23,0,0.0,0
6962181067,58,2016-03-23 09:00:00,2016-03-23,2,0.033333,32
6962181067,59,2016-03-23 10:00:00,2016-03-23,3,0.05,18
6962181067,116,2016-03-23 11:00:00,2016-03-23,31,0.516667,862
6962181067,68,2016-03-23 12:00:00,2016-03-23,7,0.116667,128
6962181067,83,2016-03-23 13:00:00,2016-03-23,14,0.233333,242
6962181067,217,2016-03-23 14:00:00,2016-03-23,87,1.45,3429
6962181067,220,2016-03-23 15:00:00,2016-03-23,83,1.383333,3202
6962181067,133,2016-03-23 16:00:00,2016-03-23,38,0.633333,975
6962181067,70,2016-03-23 17:00:00,2016-03-23,10,0.166667,110
6962181067,135,2016-03-23 18:00:00,2016-03-23,43,0.716667,912
6962181067,89,2016-03-23 19:00:00,2016-03-23,22,0.366667,333
6962181067,62,2016-03-23 20:00:00,2016-03-23,5,0.083333,75
6962181067,55,2016-03-23 21:00:00,2016-03-23,0,0.0,0
6962181067,60,2016-03-23 22:00:00,2016-03-23,3,0.05,66
6962181067,54,2016-03-23 23:00:00,2016-03-23,0,0.0,0
6962181067,54,2016-03-24 00:00:00,2016-03-24,0,0.0,0
6962181067,54,2016-03-24 01:00:00,2016-03-24,0,0.0,0
6962181067,54,2016-03-24 02:00:00,2016-03-24,0,0.0,0
6962181067,54,2016-03-24 03:00:00,2016-03-24,0,0.0,0
6962181067,57,2016-03-24 04:00:00,2016-03-24,2,0.033333,27
6962181067,54,2016-03-24 05:00:00,2016-03-24,0,0.0,0
6962181067,54,2016-03-24 06:00:00,2016-03-24,0,0.0,0
6962181067,56,2016-03-24 07:00:00,2016-03-24,1,0.016667,8
6962181067,70,2016-03-24 08:00:00,2016-03-24,8,0.133333,210
6962181067,135,2016-03-24 09:00:00,2016-03-24,39,0.65,1061
6962181067,212,2016-03-24 10:00:00,2016-03-24,77,1.283333,3202
6962181067,86,2016-03-24 11:00:00,2016-03-24,15,0.25,415
6962181067,114,2016-03-24 12:00:00,2016-03-24,29,0.483333,942
6962181067,58,2016-03-24 13:00:00,2016-03-24,2,0.033333,30
6962181067,56,2016-03-24 14:00:00,2016-03-24,0,0.0,0
6962181067,60,2016-03-24 15:00:00,2016-03-24,3,0.05,35
6962181067,68,2016-03-24 16:00:00,2016-03-24,8,0.133333,106
6962181067,265,2016-03-24 17:00:00,2016-03-24,109,1.816667,4665
6962181067,101,2016-03-24 18:00:00,2016-03-24,24,0.4,307
6962181067,67,2016-03-24 19:00:00,2016-03-24,8,0.133333,90
6962181067,75,2016-03-24 20:00:00,2016-03-24,12,0.2,228
6962181067,57,2016-03-24 21:00:00,2016-03-24,1,0.016667,0
6962181067,55,2016-03-24 22:00:00,2016-03-24,1,0.016667,6
6962181067,55,2016-03-24 23:00:00,2016-03-24,0,0.0,0
6962181067,57,2016-03-25 00:00:00,2016-03-25,2,0.033333,16
6962181067,54,2016-03-25 01:00:00,2016-03-25,0,0.0,0
6962181067,54,2016-03-25 02:00:00,2016-03-25,0,0.0,0
6962181067,54,2016-03-25 03:00:00,2016-03-25,0,0.0,0
6962181067,54,2016-03-25 04:00:00,2016-03-25,0,0.0,0
6962181067,54,2016-03-25 05:00:00,2016-03-25,0,0.0,0
6962181067,56,2016-03-25 06:00:00,2016-03-25,1,0.016667,13
6962181067,54,2016-03-25 07:00:00,2016-03-25,0,0.0,0
6962181067,55,2016-03-25 08:00:00,2016-03-25,1,0.016667,4
6962181067,89,2016-03-25 09:00:00,2016-03-25,20,0.333333,405
6962181067,137,2016-03-25 10:00:00,2016-03-25,42,0.7,1143
6962181067,216,2016-03-25 11:00:00,2016-03-25,84,1.4,3012
6962181067,117,2016-03-25 12:00:00,2016-03-25,27,0.45,956
6962181067,101,2016-03-25 13:00:00,2016-03-25,19,0.316667,835
6962181067,55,2016-03-25 14:00:00,2016-03-25,0,0.0,0
6962181067,58,2016-03-25 15:00:00,2016-03-25,1,0.016667,21
6962181067,142,2016-03-25 16:00:00,2016-03-25,50,0.833333,1704
6962181067,191,2016-03-25 17:00:00,2016-03-25,74,1.233333,2650
6962181067,143,2016-03-25 18:00:00,2016-03-25,51,0.85,1445
6962181067,68,2016-03-25 19:00:00,2016-03-25,7,0.116667,188
6962181067,59,2016-03-25 20:00:00,2016-03-25,3,0.05,61
6962181067,54,2016-03-25 21:00:00,2016-03-25,0,0.0,0
6962181067,54,2016-03-25 22:00:00,2016-03-25,0,0.0,0
6962181067,57,2016-03-25 23:00:00,2016-03-25,2,0.033333,41
6962181067,54,2016-03-26 00:00:00,2016-03-26,0,0.0,0
6962181067,54,2016-03-26 01:00:00,2016-03-26,0,0.0,0
6962181067,54,2016-03-26 02:00:00,2016-03-26,0,0.0,0
6962181067,55,2016-03-26 03:00:00,2016-03-26,1,0.016667,7
6962181067,55,2016-03-26 04:00:00,2016-03-26,1,0.016667,8
6962181067,54,2016-03-26 05:00:00,2016-03-26,0,0.0,0
6962181067,54,2016-03-26 06:00:00,2016-03-26,0,0.0,0
6962181067,54,2016-03-26 07:00:00,2016-03-26,0,0.0,0
6962181067,55,2016-03-26 08:00:00,2016-03-26,1,0.016667,8
6962181067,100,2016-03-26 09:00:00,2016-03-26,25,0.416667,601
6962181067,110,2016-03-26 10:00:00,2016-03-26,30,0.5,958
6962181067,294,2016-03-26 11:00:00,2016-03-26,117,1.95,3765
6962181067,61,2016-03-26 12:00:00,2016-03-26,4,0.066667,31
6962181067,59,2016-03-26 13:00:00,2016-03-26,2,0.033333,11
6962181067,81,2016-03-26 14:00:00,2016-03-26,14,0.233333,374
6962181067,54,2016-03-26 15:00:00,2016-03-26,0,0.0,0
6962181067,221,2016-03-26 16:00:00,2016-03-26,89,1.483333,3483
6962181067,160,2016-03-26 17:00:00,2016-03-26,61,1.016667,2205
6962181067,83,2016-03-26 18:00:00,2016-03-26,15,0.25,258
6962181067,61,2016-03-26 19:00:00,2016-03-26,3,0.05,41
6962181067,57,2016-03-26 20:00:00,2016-03-26,1,0.016667,5
6962181067,60,2016-03-26 21:00:00,2016-03-26,3,0.05,80
6962181067,54,2016-03-26 22:00:00,2016-03-26,0,0.0,0
6962181067,61,2016-03-26 23:00:00,2016-03-26,4,0.066667,50
6962181067,54,2016-03-27 00:00:00,2016-03-27,0,0.0,0
6962181067,57,2016-03-27 01:00:00,2016-03-27,2,0.033333,32
6962181067,55,2016-03-27 02:00:00,2016-03-27,1,0.016667,7
6962181067,54,2016-03-27 03:00:00,2016-03-27,0,0.0,0
6962181067,54,2016-03-27 04:00:00,2016-03-27,0,0.0,0
6962181067,54,2016-03-27 05:00:00,2016-03-27,0,0.0,0
6962181067,54,2016-03-27 06:00:00,2016-03-27,0,0.0,0
6962181067,54,2016-03-27 07:00:00,2016-03-27,0,0.0,0
6962181067,96,2016-03-27 08:00:00,2016-03-27,22,0.366667,493
6962181067,108,2016-03-27 09:00:00,2016-03-27,27,0.45,700
6962181067,81,2016-03-27 10:00:00,2016-03-27,9,0.15,230
6962181067,81,2016-03-27 11:00:00,2016-03-27,9,0.15,338
6962181067,77,2016-03-27 12:00:00,2016-03-27,11,0.183333,308
6962181067,66,2016-03-27 13:00:00,2016-03-27,7,0.116667,98
6962181067,120,2016-03-27 14:00:00,2016-03-27,35,0.583333,1282
6962181067,70,2016-03-27 15:00:00,2016-03-27,9,0.15,183
6962181067,137,2016-03-27 16:00:00,2016-03-27,44,0.733333,991
6962181067,121,2016-03-27 17:00:00,2016-03-27,40,0.666667,621
6962181067,145,2016-03-27 18:00:00,2016-03-27,38,0.633333,1157
6962181067,242,2016-03-27 19:00:00,2016-03-27,92,1.533333,3115
6962181067,80,2016-03-27 20:00:00,2016-03-27,15,0.25,543
6962181067,56,2016-03-27 21:00:00,2016-03-27,1,0.016667,6
6962181067,54,2016-03-27 22:00:00,2016-03-27,0,0.0,0
6962181067,57,2016-03-27 23:00:00,2016-03-27,2,0.033333,37
6962181067,54,2016-03-28 00:00:00,2016-03-28,0,0.0,0
6962181067,54,2016-03-28 01:00:00,2016-03-28,0,0.0,0
6962181067,57,2016-03-28 02:00:00,2016-03-28,2,0.033333,31
6962181067,55,2016-03-28 03:00:00,2016-03-28,1,0.016667,6
6962181067,55,2016-03-28 04:00:00,2016-03-28,1,0.016667,4
6962181067,54,2016-03-28 05:00:00,2016-03-28,0,0.0,0
6962181067,54,2016-03-28 06:00:00,2016-03-28,0,0.0,0
6962181067,54,2016-03-28 07:00:00,2016-03-28,0,0.0,0
6962181067,82,2016-03-28 08:00:00,2016-03-28,14,0.233333,363
6962181067,131,2016-03-28 09:00:00,2016-03-28,38,0.633333,930
6962181067,273,2016-03-28 10:00:00,2016-03-28,122,2.033333,4115
6962181067,80,2016-03-28 11:00:00,2016-03-28,13,0.216667,217
6962181067,176,2016-03-28 12:00:00,2016-03-28,58,0.966667,1415
6962181067,58,2016-03-28 13:00:00,2016-03-28,0,0.0,0
6962181067,74,2016-03-28 14:00:00,2016-03-28,11,0.183333,191
6962181067,112,2016-03-28 15:00:00,2016-03-28,33,0.55,629
6962181067,197,2016-03-28 16:00:00,2016-03-28,71,1.183333,2388
6962181067,150,2016-03-28 17:00:00,2016-03-28,45,0.75,1095
6962181067,89,2016-03-28 18:00:00,2016-03-28,19,0.316667,383
6962181067,72,2016-03-28 19:00:00,2016-03-28,10,0.166667,175
6962181067,82,2016-03-28 20:00:00,2016-03-28,17,0.283333,210
6962181067,78,2016-03-28 21:00:00,2016-03-28,13,0.216667,267
6962181067,58,2016-03-28 22:00:00,2016-03-28,2,0.033333,39
6962181067,57,2016-03-28 23:00:00,2016-03-28,2,0.033333,14
6962181067,54,2016-03-29 00:00:00,2016-03-29,0,0.0,0
6962181067,54,2016-03-29 01:00:00,2016-03-29,0,0.0,0
6962181067,54,2016-03-29 02:00:00,2016-03-29,0,0.0,0
6962181067,54,2016-03-29 03:00:00,2016-03-29,0,0.0,0
6962181067,54,2016-03-29 04:00:00,2016-03-29,0,0.0,0
6962181067,54,2016-03-29 05:00:00,2016-03-29,0,0.0,0
6962181067,64,2016-03-29 06:00:00,2016-03-29,6,0.1,88
6962181067,129,2016-03-29 07:00:00,2016-03-29,35,0.583333,891
6962181067,145,2016-03-29 08:00:00,2016-03-29,36,0.6,1546
6962181067,160,2016-03-29 09:00:00,2016-03-29,55,0.916667,1714
6962181067,180,2016-03-29 10:00:00,2016-03-29,73,1.216667,2718
6962181067,92,2016-03-29 11:00:00,2016-03-29,19,0.316667,500
6962181067,310,2016-03-29 12:00:00,2016-03-29,124,2.066667,4093
6962181067,67,2016-03-29 13:00:00,2016-03-29,3,0.05,28
6962181067,64,2016-03-29 14:00:00,2016-03-29,5,0.083333,113
6962181067,73,2016-03-29 15:00:00,2016-03-29,11,0.183333,228
6962181067,108,2016-03-29 16:00:00,2016-03-29,26,0.433333,450
6962181067,67,2016-03-29 17:00:00,2016-03-29,8,0.133333,50
6962181067,80,2016-03-29 18:00:00,2016-03-29,16,0.266667,229
6962181067,69,2016-03-29 19:00:00,2016-03-29,10,0.166667,87
6962181067,75,2016-03-29 20:00:00,2016-03-29,11,0.183333,220
6962181067,55,2016-03-29 21:00:00,2016-03-29,0,0.0,0
6962181067,62,2016-03-29 22:00:00,2016-03-29,5,0.083333,64
6962181067,62,2016-03-29 23:00:00,2016-03-29,4,0.066667,44
6962181067,54,2016-03-30 00:00:00,2016-03-30,0,0.0,0
6962181067,54,2016-03-30 01:00:00,2016-03-30,0,0.0,0
6962181067,54,2016-03-30 02:00:00,2016-03-30,0,0.0,0
6962181067,54,2016-03-30 03:00:00,2016-03-30,0,0.0,0
6962181067,54,2016-03-30 04:00:00,2016-03-30,0,0.0,0
6962181067,54,2016-03-30 05:00:00,2016-03-30,0,0.0,0
6962181067,56,2016-03-30 06:00:00,2016-03-30,1,0.016667,15
6962181067,99,2016-03-30 07:00:00,2016-03-30,24,0.4,558
6962181067,102,2016-03-30 08:00:00,2016-03-30,25,0.416667,621
6962181067,127,2016-03-30 09:00:00,2016-03-30,39,0.65,1297
6962181067,199,2016-03-30 10:00:00,2016-03-30,77,1.283333,3136
6962181067,67,2016-03-30 11:00:00,2016-03-30,7,0.116667,123
6962181067,110,2016-03-30 12:00:00,2016-03-30,25,0.416667,795
6962181067,75,2016-03-30 13:00:00,2016-03-30,7,0.116667,139
6962181067,66,2016-03-30 14:00:00,2016-03-30,6,0.1,82
6962181067,165,2016-03-30 15:00:00,2016-03-30,51,0.85,1207
6962181067,215,2016-03-30 16:00:00,2016-03-30,82,1.366667,3252
6962181067,210,2016-03-30 17:00:00,2016-03-30,81,1.35,3227
6962181067,72,2016-03-30 18:00:00,2016-03-30,11,0.183333,127
6962181067,121,2016-03-30 19:00:00,2016-03-30,32,0.533333,761
6962181067,62,2016-03-30 20:00:00,2016-03-30,4,0.066667,68
6962181067,57,2016-03-30 21:00:00,2016-03-30,2,0.033333,15
6962181067,58,2016-03-30 22:00:00,2016-03-30,3,0.05,23
6962181067,59,2016-03-30 23:00:00,2016-03-30,3,0.05,45
6962181067,54,2016-03-31 00:00:00,2016-03-31,0,0.0,0
6962181067,54,2016-03-31 01:00:00,2016-03-31,0,0.0,0
6962181067,54,2016-03-31 02:00:00,2016-03-31,0,0.0,0
6962181067,54,2016-03-31 03:00:00,2016-03-31,0,0.0,0
6962181067,54,2016-03-31 04:00:00,2016-03-31,0,0.0,0
6962181067,55,2016-03-31 05:00:00,2016-03-31,1,0.016667,6
6962181067,56,2016-03-31 06:00:00,2016-03-31,1,0.016667,20
6962181067,77,2016-03-31 07:00:00,2016-03-31,13,0.216667,257
6962181067,54,2016-03-31 08:00:00,2016-03-31,0,0.0,0
6962181067,74,2016-03-31 09:00:00,2016-03-31,11,0.183333,184
6962181067,181,2016-03-31 10:00:00,2016-03-31,65,1.083333,2353
6962181067,332,2016-03-31 11:00:00,2016-03-31,144,2.4,5529
6962181067,178,2016-03-31 12:00:00,2016-03-31,58,0.966667,1667
6962181067,77,2016-03-31 13:00:00,2016-03-31,8,0.133333,457
6962181067,71,2016-03-31 14:00:00,2016-03-31,10,0.166667,179
6962181067,117,2016-03-31 15:00:00,2016-03-31,30,0.5,808
6962181067,76,2016-03-31 16:00:00,2016-03-31,12,0.2,184
6962181067,99,2016-03-31 17:00:00,2016-03-31,22,0.366667,639
6962181067,94,2016-03-31 18:00:00,2016-03-31,21,0.35,405
6962181067,133,2016-03-31 19:00:00,2016-03-31,35,0.583333,1138
6962181067,71,2016-03-31 20:00:00,2016-03-31,10,0.166667,181
6962181067,57,2016-03-31 21:00:00,2016-03-31,1,0.016667,15
6962181067,63,2016-03-31 22:00:00,2016-03-31,6,0.1,75
6962181067,55,2016-03-31 23:00:00,2016-03-31,0,0.0,0
6962181067,54,2016-04-01 00:00:00,2016-04-01,0,0.0,0
6962181067,54,2016-04-01 01:00:00,2016-04-01,0,0.0,0
6962181067,54,2016-04-01 02:00:00,2016-04-01,0,0.0,0
6962181067,54,2016-04-01 03:00:00,2016-04-01,0,0.0,0
6962181067,54,2016-04-01 04:00:00,2016-04-01,0,0.0,0
6962181067,54,2016-04-01 05:00:00,2016-04-01,0,0.0,0
6962181067,54,2016-04-01 06:00:00,2016-04-01,0,0.0,0
6962181067,54,2016-04-01 07:00:00,2016-04-01,0,0.0,0
6962181067,54,2016-04-01 08:00:00,2016-04-01,0,0.0,0
6962181067,97,2016-04-01 09:00:00,2016-04-01,24,0.4,511
6962181067,215,2016-04-01 10:00:00,2016-04-01,86,1.433333,3159
6962181067,125,2016-04-01 11:00:00,2016-04-01,36,0.6,1554
6962181067,183,2016-04-01 12:00:00,2016-04-01,58,0.966667,1598
6962181067,67,2016-04-01 13:00:00,2016-04-01,6,0.1,113
6962181067,56,2016-04-01 14:00:00,2016-04-01,0,0.0,0
6962181067,86,2016-04-01 15:00:00,2016-04-01,19,0.316667,220
6962181067,103,2016-04-01 16:00:00,2016-04-01,22,0.366667,803
6962181067,105,2016-04-01 17:00:00,2016-04-01,32,0.533333,557
6962181067,88,2016-04-01 18:00:00,2016-04-01,17,0.283333,465
6962181067,97,2016-04-01 19:00:00,2016-04-01,26,0.433333,378
6962181067,119,2016-04-01 20:00:00,2016-04-01,30,0.5,868
6962181067,66,2016-04-01 21:00:00,2016-04-01,6,0.1,104
6962181067,62,2016-04-01 22:00:00,2016-04-01,4,0.066667,94
6962181067,60,2016-04-01 23:00:00,2016-04-01,3,0.05,43
6962181067,60,2016-04-02 00:00:00,2016-04-02,4,0.066667,56
6962181067,55,2016-04-02 01:00:00,2016-04-02,1,0.016667,4
6962181067,54,2016-04-02 02:00:00,2016-04-02,0,0.0,0
6962181067,55,2016-04-02 03:00:00,2016-04-02,1,0.016667,5
6962181067,54,2016-04-02 04:00:00,2016-04-02,0,0.0,0
6962181067,54,2016-04-02 05:00:00,2016-04-02,0,0.0,0
6962181067,54,2016-04-02 06:00:00,2016-04-02,0,0.0,0
6962181067,54,2016-04-02 07:00:00,2016-04-02,0,0.0,0
6962181067,81,2016-04-02 08:00:00,2016-04-02,17,0.283333,258
6962181067,94,2016-04-02 09:00:00,2016-04-02,22,0.366667,439
6962181067,63,2016-04-02 10:00:00,2016-04-02,6,0.1,71
6962181067,261,2016-04-02 11:00:00,2016-04-02,106,1.766667,4028
6962181067,135,2016-04-02 12:00:00,2016-04-02,32,0.533333,821
6962181067,82,2016-04-02 13:00:00,2016-04-02,14,0.233333,262
6962181067,55,2016-04-02 14:00:00,2016-04-02,0,0.0,0
6962181067,71,2016-04-02 15:00:00,2016-04-02,9,0.15,170
6962181067,250,2016-04-02 16:00:00,2016-04-02,105,1.75,3905
6962181067,111,2016-04-02 17:00:00,2016-04-02,32,0.533333,511
6962181067,140,2016-04-02 18:00:00,2016-04-02,34,0.566667,1280
6962181067,81,2016-04-02 19:00:00,2016-04-02,15,0.25,305
6962181067,69,2016-04-02 20:00:00,2016-04-02,8,0.133333,127
6962181067,57,2016-04-02 21:00:00,2016-04-02,2,0.033333,17
6962181067,55,2016-04-02 22:00:00,2016-04-02,0,0.0,0
6962181067,70,2016-04-02 23:00:00,2016-04-02,9,0.15,178
6962181067,57,2016-04-03 00:00:00,2016-04-03,2,0.033333,31
6962181067,54,2016-04-03 01:00:00,2016-04-03,0,0.0,0
6962181067,54,2016-04-03 02:00:00,2016-04-03,0,0.0,0
6962181067,54,2016-04-03 03:00:00,2016-04-03,0,0.0,0
6962181067,54,2016-04-03 04:00:00,2016-04-03,0,0.0,0
6962181067,54,2016-04-03 05:00:00,2016-04-03,0,0.0,0
6962181067,54,2016-04-03 06:00:00,2016-04-03,0,0.0,0
6962181067,58,2016-04-03 07:00:00,2016-04-03,3,0.05,35
6962181067,54,2016-04-03 08:00:00,2016-04-03,0,0.0,0
6962181067,115,2016-04-03 09:00:00,2016-04-03,27,0.45,767
6962181067,108,2016-04-03 10:00:00,2016-04-03,21,0.35,600
6962181067,79,2016-04-03 11:00:00,2016-04-03,12,0.2,267
6962181067,86,2016-04-03 12:00:00,2016-04-03,17,0.283333,391
6962181067,102,2016-04-03 13:00:00,2016-04-03,21,0.35,720
6962181067,89,2016-04-03 14:00:00,2016-04-03,14,0.233333,405
6962181067,57,2016-04-03 15:00:00,2016-04-03,1,0.016667,9
6962181067,219,2016-04-03 16:00:00,2016-04-03,84,1.4,3448
6962181067,243,2016-04-03 17:00:00,2016-04-03,99,1.65,4014
6962181067,104,2016-04-03 18:00:00,2016-04-03,26,0.433333,523
6962181067,135,2016-04-03 19:00:00,2016-04-03,31,0.516667,1073
6962181067,57,2016-04-03 20:00:00,2016-04-03,1,0.016667,11
6962181067,54,2016-04-03 21:00:00,2016-04-03,0,0.0,0
6962181067,59,2016-04-03 22:00:00,2016-04-03,3,0.05,13
6962181067,54,2016-04-03 23:00:00,2016-04-03,0,0.0,0
6962181067,54,2016-04-04 00:00:00,2016-04-04,0,0.0,0
6962181067,57,2016-04-04 01:00:00,2016-04-04,1,0.016667,31
6962181067,56,2016-04-04 02:00:00,2016-04-04,1,0.016667,11
6962181067,54,2016-04-04 03:00:00,2016-04-04,0,0.0,0
6962181067,54,2016-04-04 04:00:00,2016-04-04,0,0.0,0
6962181067,54,2016-04-04 05:00:00,2016-04-04,0,0.0,0
6962181067,58,2016-04-04 06:00:00,2016-04-04,3,0.05,20
6962181067,125,2016-04-04 07:00:00,2016-04-04,37,0.616667,904
6962181067,140,2016-04-04 08:00:00,2016-04-04,43,0.716667,1177
6962181067,117,2016-04-04 09:00:00,2016-04-04,29,0.483333,858
6962181067,163,2016-04-04 10:00:00,2016-04-04,46,0.766667,2026
6962181067,188,2016-04-04 11:00:00,2016-04-04,71,1.183333,2612
6962181067,157,2016-04-04 12:00:00,2016-04-04,41,0.683333,1103
6962181067,57,2016-04-04 13:00:00,2016-04-04,1,0.016667,7
6962181067,76,2016-04-04 14:00:00,2016-04-04,14,0.233333,202
6962181067,161,2016-04-04 15:00:00,2016-04-04,54,0.9,1348
6962181067,87,2016-04-04 16:00:00,2016-04-04,18,0.3,277
6962181067,67,2016-04-04 17:00:00,2016-04-04,7,0.116667,112
6962181067,122,2016-04-04 18:00:00,2016-04-04,39,0.65,1465
6962181067,313,2016-04-04 19:00:00,2016-04-04,154,2.566667,6128
6962181067,98,2016-04-04 20:00:00,2016-04-04,19,0.316667,573
6962181067,60,2016-04-04 21:00:00,2016-04-04,4,0.066667,46
6962181067,57,2016-04-04 22:00:00,2016-04-04,2,0.033333,13
6962181067,57,2016-04-04 23:00:00,2016-04-04,2,0.033333,39
6962181067,60,2016-04-05 00:00:00,2016-04-05,3,0.05,59
6962181067,54,2016-04-05 01:00:00,2016-04-05,0,0.0,0
6962181067,54,2016-04-05 02:00:00,2016-04-05,0,0.0,0
6962181067,54,2016-04-05 03:00:00,2016-04-05,0,0.0,0
6962181067,56,2016-04-05 04:00:00,2016-04-05,1,0.016667,26
6962181067,54,2016-04-05 05:00:00,2016-04-05,0,0.0,0
6962181067,291,2016-04-05 06:00:00,2016-04-05,117,1.95,3684
6962181067,148,2016-04-05 07:00:00,2016-04-05,45,0.75,1070
6962181067,93,2016-04-05 08:00:00,2016-04-05,21,0.35,434
6962181067,129,2016-04-05 09:00:00,2016-04-05,32,0.533333,1288
6962181067,110,2016-04-05 10:00:00,2016-04-05,30,0.5,1136
6962181067,147,2016-04-05 11:00:00,2016-04-05,45,0.75,1587
6962181067,79,2016-04-05 12:00:00,2016-04-05,12,0.2,213
6962181067,56,2016-04-05 13:00:00,2016-04-05,0,0.0,0
6962181067,85,2016-04-05 14:00:00,2016-04-05,13,0.216667,443
6962181067,61,2016-04-05 15:00:00,2016-04-05,3,0.05,62
6962181067,85,2016-04-05 16:00:00,2016-04-05,19,0.316667,281
6962181067,79,2016-04-05 17:00:00,2016-04-05,14,0.233333,289
6962181067,84,2016-04-05 18:00:00,2016-04-05,19,0.316667,260
6962181067,70,2016-04-05 19:00:00,2016-04-05,9,0.15,91
6962181067,83,2016-04-05 20:00:00,2016-04-05,16,0.266667,326
6962181067,79,2016-04-05 21:00:00,2016-04-05,16,0.266667,200
6962181067,95,2016-04-05 22:00:00,2016-04-05,20,0.333333,561
6962181067,54,2016-04-05 23:00:00,2016-04-05,0,0.0,0
6962181067,54,2016-04-06 00:00:00,2016-04-06,0,0.0,0
6962181067,54,2016-04-06 01:00:00,2016-04-06,0,0.0,0
6962181067,56,2016-04-06 02:00:00,2016-04-06,1,0.016667,7
6962181067,55,2016-04-06 03:00:00,2016-04-06,0,0.0,0
6962181067,54,2016-04-06 04:00:00,2016-04-06,0,0.0,0
6962181067,54,2016-04-06 05:00:00,2016-04-06,0,0.0,0
6962181067,54,2016-04-06 06:00:00,2016-04-06,0,0.0,0
6962181067,57,2016-04-06 07:00:00,2016-04-06,2,0.033333,23
6962181067,65,2016-04-06 08:00:00,2016-04-06,6,0.1,82
6962181067,124,2016-04-06 09:00:00,2016-04-06,36,0.6,799
6962181067,176,2016-04-06 10:00:00,2016-04-06,69,1.15,2276
6962181067,199,2016-04-06 11:00:00,2016-04-06,87,1.45,3355
6962181067,219,2016-04-06 12:00:00,2016-04-06,85,1.416667,2164
6962181067,69,2016-04-06 13:00:00,2016-04-06,5,0.083333,95
6962181067,66,2016-04-06 14:00:00,2016-04-06,6,0.1,92
6962181067,117,2016-04-06 15:00:00,2016-04-06,33,0.55,727
6962181067,121,2016-04-06 16:00:00,2016-04-06,34,0.566667,975
6962181067,105,2016-04-06 17:00:00,2016-04-06,27,0.45,572
6962181067,96,2016-04-06 18:00:00,2016-04-06,26,0.433333,348
6962181067,144,2016-04-06 19:00:00,2016-04-06,45,0.75,868
6962181067,54,2016-04-06 20:00:00,2016-04-06,0,0.0,0
6962181067,55,2016-04-06 21:00:00,2016-04-06,0,0.0,0
6962181067,64,2016-04-06 22:00:00,2016-04-06,6,0.1,89
6962181067,57,2016-04-06 23:00:00,2016-04-06,1,0.016667,8
6962181067,54,2016-04-07 00:00:00,2016-04-07,0,0.0,0
6962181067,54,2016-04-07 01:00:00,2016-04-07,0,0.0,0
6962181067,56,2016-04-07 02:00:00,2016-04-07,1,0.016667,9
6962181067,56,2016-04-07 03:00:00,2016-04-07,1,0.016667,8
6962181067,56,2016-04-07 04:00:00,2016-04-07,1,0.016667,5
6962181067,54,2016-04-07 05:00:00,2016-04-07,0,0.0,0
6962181067,56,2016-04-07 06:00:00,2016-04-07,1,0.016667,8
6962181067,109,2016-04-07 07:00:00,2016-04-07,31,0.516667,612
6962181067,292,2016-04-07 08:00:00,2016-04-07,116,1.933333,3907
6962181067,148,2016-04-07 09:00:00,2016-04-07,45,0.75,1433
6962181067,132,2016-04-07 10:00:00,2016-04-07,32,0.533333,1176
6962181067,90,2016-04-07 11:00:00,2016-04-07,18,0.3,414
6962181067,68,2016-04-07 12:00:00,2016-04-07,6,0.1,148
6962181067,76,2016-04-07 13:00:00,2016-04-07,10,0.166667,238
6962181067,70,2016-04-07 14:00:00,2016-04-07,9,0.15,148
6962181067,63,2016-04-07 15:00:00,2016-04-07,5,0.083333,58
6962181067,180,2016-04-07 16:00:00,2016-04-07,66,1.1,2186
6962181067,145,2016-04-07 17:00:00,2016-04-07,38,0.633333,979
6962181067,141,2016-04-07 18:00:00,2016-04-07,37,0.616667,1080
6962181067,116,2016-04-07 19:00:00,2016-04-07,26,0.433333,898
6962181067,56,2016-04-07 20:00:00,2016-04-07,1,0.016667,22
6962181067,56,2016-04-07 21:00:00,2016-04-07,1,0.016667,8
6962181067,62,2016-04-07 22:00:00,2016-04-07,5,0.083333,74
6962181067,56,2016-04-07 23:00:00,2016-04-07,1,0.016667,6
6962181067,54,2016-04-08 00:00:00,2016-04-08,0,0.0,0
6962181067,54,2016-04-08 01:00:00,2016-04-08,0,0.0,0
6962181067,54,2016-04-08 02:00:00,2016-04-08,0,0.0,0
6962181067,54,2016-04-08 03:00:00,2016-04-08,0,0.0,0
6962181067,54,2016-04-08 04:00:00,2016-04-08,0,0.0,0
6962181067,54,2016-04-08 05:00:00,2016-04-08,0,0.0,0
6962181067,54,2016-04-08 06:00:00,2016-04-08,0,0.0,0
6962181067,56,2016-04-08 07:00:00,2016-04-08,0,0.0,0
6962181067,75,2016-04-08 08:00:00,2016-04-08,11,0.183333,201
6962181067,83,2016-04-08 09:00:00,2016-04-08,14,0.233333,384
6962181067,258,2016-04-08 10:00:00,2016-04-08,115,1.916667,4569
6962181067,202,2016-04-08 11:00:00,2016-04-08,76,1.266667,2715
6962181067,118,2016-04-08 12:00:00,2016-04-08,25,0.416667,1027
6962181067,123,2016-04-08 13:00:00,2016-04-08,22,0.366667,1164
6962181067,86,2016-04-08 14:00:00,2016-04-08,11,0.183333,630
6962181067,70,2016-04-08 15:00:00,2016-04-08,9,0.15,166
6962181067,60,2016-04-08 16:00:00,2016-04-08,3,0.05,61
6962181067,111,2016-04-08 17:00:00,2016-04-08,21,0.35,435
6962181067,92,2016-04-08 18:00:00,2016-04-08,22,0.366667,296
6962181067,75,2016-04-08 19:00:00,2016-04-08,9,0.15,302
6962181067,98,2016-04-08 20:00:00,2016-04-08,21,0.35,621
6962181067,135,2016-04-08 21:00:00,2016-04-08,42,0.7,1091
6962181067,110,2016-04-08 22:00:00,2016-04-08,29,0.483333,674
6962181067,56,2016-04-08 23:00:00,2016-04-08,1,0.016667,22
6962181067,87,2016-04-09 00:00:00,2016-04-09,19,0.316667,345
6962181067,54,2016-04-09 01:00:00,2016-04-09,0,0.0,0
6962181067,54,2016-04-09 02:00:00,2016-04-09,0,0.0,0
6962181067,54,2016-04-09 03:00:00,2016-04-09,0,0.0,0
6962181067,54,2016-04-09 04:00:00,2016-04-09,0,0.0,0
6962181067,55,2016-04-09 05:00:00,2016-04-09,1,0.016667,6
6962181067,54,2016-04-09 06:00:00,2016-04-09,0,0.0,0
6962181067,57,2016-04-09 07:00:00,2016-04-09,2,0.033333,14
6962181067,54,2016-04-09 08:00:00,2016-04-09,0,0.0,0
6962181067,131,2016-04-09 09:00:00,2016-04-09,38,0.633333,904
6962181067,131,2016-04-09 10:00:00,2016-04-09,32,0.533333,829
6962181067,116,2016-04-09 11:00:00,2016-04-09,30,0.5,748
6962181067,103,2016-04-09 12:00:00,2016-04-09,26,0.433333,555
6962181067,221,2016-04-09 13:00:00,2016-04-09,86,1.433333,3096
6962181067,211,2016-04-09 14:00:00,2016-04-09,85,1.416667,2982
6962181067,69,2016-04-09 15:00:00,2016-04-09,10,0.166667,81
6962181067,56,2016-04-09 16:00:00,2016-04-09,1,0.016667,14
6962181067,91,2016-04-09 17:00:00,2016-04-09,18,0.3,418
6962181067,78,2016-04-09 18:00:00,2016-04-09,13,0.216667,181
6962181067,80,2016-04-09 19:00:00,2016-04-09,12,0.2,221
6962181067,147,2016-04-09 20:00:00,2016-04-09,37,0.616667,908
6962181067,112,2016-04-09 21:00:00,2016-04-09,24,0.4,750
6962181067,84,2016-04-09 22:00:00,2016-04-09,15,0.25,340
6962181067,75,2016-04-09 23:00:00,2016-04-09,12,0.2,103
6962181067,71,2016-04-10 00:00:00,2016-04-10,9,0.15,109
6962181067,85,2016-04-10 01:00:00,2016-04-10,13,0.216667,446
6962181067,54,2016-04-10 02:00:00,2016-04-10,0,0.0,0
6962181067,54,2016-04-10 03:00:00,2016-04-10,0,0.0,0
6962181067,55,2016-04-10 04:00:00,2016-04-10,1,0.016667,6
6962181067,55,2016-04-10 05:00:00,2016-04-10,0,0.0,0
6962181067,57,2016-04-10 06:00:00,2016-04-10,2,0.033333,24
6962181067,54,2016-04-10 07:00:00,2016-04-10,0,0.0,0
6962181067,73,2016-04-10 08:00:00,2016-04-10,11,0.183333,169
6962181067,166,2016-04-10 09:00:00,2016-04-10,48,0.8,1219
6962181067,125,2016-04-10 10:00:00,2016-04-10,27,0.45,983
6962181067,82,2016-04-10 11:00:00,2016-04-10,13,0.216667,298
6962181067,126,2016-04-10 12:00:00,2016-04-10,35,0.583333,747
6962181067,195,2016-04-10 13:00:00,2016-04-10,78,1.3,2786
6962181067,77,2016-04-10 14:00:00,2016-04-10,9,0.15,143
6962181067,63,2016-04-10 15:00:00,2016-04-10,5,0.083333,81
6962181067,126,2016-04-10 16:00:00,2016-04-10,34,0.566667,605
6962181067,85,2016-04-10 17:00:00,2016-04-10,18,0.3,284
6962181067,110,2016-04-10 18:00:00,2016-04-10,27,0.45,555
6962181067,66,2016-04-10 19:00:00,2016-04-10,6,0.1,57
6962181067,143,2016-04-10 20:00:00,2016-04-10,34,0.566667,1544
6962181067,57,2016-04-10 21:00:00,2016-04-10,1,0.016667,11
6962181067,56,2016-04-10 22:00:00,2016-04-10,0,0.0,0
6962181067,64,2016-04-10 23:00:00,2016-04-10,6,0.1,81
6962181067,54,2016-04-11 00:00:00,2016-04-11,0,0.0,0
6962181067,54,2016-04-11 01:00:00,2016-04-11,0,0.0,0
6962181067,54,2016-04-11 02:00:00,2016-04-11,0,0.0,0
6962181067,54,2016-04-11 03:00:00,2016-04-11,0,0.0,0
6962181067,54,2016-04-11 04:00:00,2016-04-11,0,0.0,0
6962181067,55,2016-04-11 05:00:00,2016-04-11,1,0.016667,6
6962181067,60,2016-04-11 06:00:00,2016-04-11,4,0.066667,36
6962181067,107,2016-04-11 07:00:00,2016-04-11,31,0.516667,578
6962181067,61,2016-04-11 08:00:00,2016-04-11,3,0.05,28
6962181067,119,2016-04-11 09:00:00,2016-04-11,25,0.416667,1113
6962181067,209,2016-04-11 10:00:00,2016-04-11,80,1.333333,2951
6962181067,244,2016-04-11 11:00:00,2016-04-11,95,1.583333,2503
6962181067,73,2016-04-11 12:00:00,2016-04-11,8,0.133333,195
6962181067,56,2016-04-11 13:00:00,2016-04-11,0,0.0,0
6962181067,79,2016-04-11 14:00:00,2016-04-11,15,0.25,246
6962181067,137,2016-04-11 15:00:00,2016-04-11,42,0.7,986
6962181067,159,2016-04-11 16:00:00,2016-04-11,42,0.7,1571
6962181067,110,2016-04-11 17:00:00,2016-04-11,29,0.483333,562
6962181067,125,2016-04-11 18:00:00,2016-04-11,33,0.55,1047
6962181067,77,2016-04-11 19:00:00,2016-04-11,12,0.2,270
6962181067,54,2016-04-11 20:00:00,2016-04-11,0,0.0,0
6962181067,55,2016-04-11 21:00:00,2016-04-11,0,0.0,0
6962181067,72,2016-04-11 22:00:00,2016-04-11,11,0.183333,185
6962181067,63,2016-04-11 23:00:00,2016-04-11,5,0.083333,85
6962181067,58,2016-04-12 00:00:00,2016-04-12,2,0.033333,32
6962181067,55,2016-04-12 01:00:00,2016-04-12,0,0.0,0
6962181067,55,2016-04-12 02:00:00,2016-04-12,0,0.0,0
6962181067,55,2016-04-12 03:00:00,2016-04-12,0,0.0,0
6962181067,55,2016-04-12 04:00:00,2016-04-12,0,0.0,0
6962181067,55,2016-04-12 05:00:00,2016-04-12,0,0.0,0
6962181067,59,2016-04-12 06:00:00,2016-04-12,3,0.05,21
6962181067,95,2016-04-12 07:00:00,2016-04-12,24,0.4,412
6962181067,75,2016-04-12 08:00:00,2016-04-12,12,0.2,156
6962181067,186,2016-04-12 09:00:00,2016-04-12,76,1.266667,2812
6962181067,201,2016-04-12 10:00:00,2016-04-12,79,1.316667,2477
6962181067,92,2016-04-12 11:00:00,2016-04-12,19,0.316667,431
6962181067,69,2016-04-12 12:00:00,2016-04-12,9,0.15,128
6962181067,59,2016-04-12 13:00:00,2016-04-12,2,0.033333,26
6962181067,65,2016-04-12 14:00:00,2016-04-12,5,0.083333,76
6962181067,71,2016-04-12 15:00:00,2016-04-12,8,0.133333,214
6962181067,91,2016-04-12 16:00:00,2016-04-12,20,0.333333,382
6962181067,93,2016-04-12 17:00:00,2016-04-12,21,0.35,333
6962181067,122,2016-04-12 18:00:00,2016-04-12,26,0.433333,936
6962181067,159,2016-04-12 19:00:00,2016-04-12,56,0.933333,1717
6962181067,54,2016-04-12 20:00:00,2016-04-12,0,0.0,0
6962181067,54,2016-04-12 21:00:00,2016-04-12,0,0.0,0
6962181067,61,2016-04-12 22:00:00,2016-04-12,3,0.05,4
6962181067,59,2016-04-12 23:00:00,2016-04-12,2,0.033333,42
6962181067,56,2016-04-13 00:00:00,2016-04-13,1,0.016667,16
6962181067,58,2016-04-13 01:00:00,2016-04-13,2,0.033333,34
6962181067,55,2016-04-13 02:00:00,2016-04-13,0,0.0,0
6962181067,57,2016-04-13 03:00:00,2016-04-13,1,0.016667,9
6962181067,59,2016-04-13 04:00:00,2016-04-13,3,0.05,27
6962181067,55,2016-04-13 05:00:00,2016-04-13,0,0.0,0
6962181067,55,2016-04-13 06:00:00,2016-04-13,0,0.0,0
6962181067,54,2016-04-13 07:00:00,2016-04-13,0,0.0,0
6962181067,62,2016-04-13 08:00:00,2016-04-13,3,0.05,54
6962181067,59,2016-04-13 09:00:00,2016-04-13,3,0.05,51
6962181067,54,2016-04-13 10:00:00,2016-04-13,0,0.0,0
6962181067,54,2016-04-13 11:00:00,2016-04-13,0,0.0,0
6962181067,68,2016-04-13 12:00:00,2016-04-13,8,0.133333,108
6962181067,65,2016-04-13 13:00:00,2016-04-13,5,0.083333,81
6962181067,62,2016-04-13 14:00:00,2016-04-13,4,0.066667,45
6962181067,109,2016-04-13 15:00:00,2016-04-13,24,0.4,616
6962181067,82,2016-04-13 16:00:00,2016-04-13,17,0.283333,197
6962181067,153,2016-04-13 17:00:00,2016-04-13,55,0.916667,1754
6962181067,144,2016-04-13 18:00:00,2016-04-13,47,0.783333,1696
6962181067,68,2016-04-13 19:00:00,2016-04-13,7,0.116667,78
6962181067,98,2016-04-13 20:00:00,2016-04-13,19,0.316667,658
6962181067,58,2016-04-13 21:00:00,2016-04-13,2,0.033333,18
6962181067,75,2016-04-13 22:00:00,2016-04-13,11,0.183333,185
6962181067,57,2016-04-13 23:00:00,2016-04-13,2,0.033333,25
6962181067,54,2016-04-14 00:00:00,2016-04-14,0,0.0,0
6962181067,58,2016-04-14 01:00:00,2016-04-14,3,0.05,29
6962181067,54,2016-04-14 02:00:00,2016-04-14,0,0.0,0
6962181067,55,2016-04-14 03:00:00,2016-04-14,1,0.016667,8
6962181067,54,2016-04-14 04:00:00,2016-04-14,0,0.0,0
6962181067,54,2016-04-14 05:00:00,2016-04-14,0,0.0,0
6962181067,59,2016-04-14 06:00:00,2016-04-14,3,0.05,34
6962181067,54,2016-04-14 07:00:00,2016-04-14,0,0.0,0
6962181067,65,2016-04-14 08:00:00,2016-04-14,5,0.083333,116
6962181067,75,2016-04-14 09:00:00,2016-04-14,10,0.166667,293
6962181067,56,2016-04-14 10:00:00,2016-04-14,1,0.016667,4
6962181067,62,2016-04-14 11:00:00,2016-04-14,4,0.066667,54
6962181067,74,2016-04-14 12:00:00,2016-04-14,11,0.183333,171
6962181067,59,2016-04-14 13:00:00,2016-04-14,2,0.033333,33
6962181067,59,2016-04-14 14:00:00,2016-04-14,2,0.033333,30
6962181067,71,2016-04-14 15:00:00,2016-04-14,10,0.166667,177
6962181067,60,2016-04-14 16:00:00,2016-04-14,2,0.033333,60
6962181067,74,2016-04-14 17:00:00,2016-04-14,7,0.116667,215
6962181067,59,2016-04-14 18:00:00,2016-04-14,4,0.066667,24
6962181067,59,2016-04-14 19:00:00,2016-04-14,3,0.05,24
6962181067,69,2016-04-14 20:00:00,2016-04-14,9,0.15,107
6962181067,56,2016-04-14 21:00:00,2016-04-14,0,0.0,0
6962181067,72,2016-04-14 22:00:00,2016-04-14,8,0.133333,165
6962181067,56,2016-04-14 23:00:00,2016-04-14,1,0.016667,7
6962181067,57,2016-04-15 00:00:00,2016-04-15,2,0.033333,36
6962181067,54,2016-04-15 01:00:00,2016-04-15,0,0.0,0
6962181067,54,2016-04-15 02:00:00,2016-04-15,0,0.0,0
6962181067,55,2016-04-15 03:00:00,2016-04-15,1,0.016667,7
6962181067,54,2016-04-15 04:00:00,2016-04-15,0,0.0,0
6962181067,54,2016-04-15 05:00:00,2016-04-15,0,0.0,0
6962181067,57,2016-04-15 06:00:00,2016-04-15,2,0.033333,26
6962181067,133,2016-04-15 07:00:00,2016-04-15,32,0.533333,1158
6962181067,116,2016-04-15 08:00:00,2016-04-15,31,0.516667,551
6962181067,153,2016-04-15 09:00:00,2016-04-15,44,0.733333,1109
6962181067,58,2016-04-15 10:00:00,2016-04-15,3,0.05,19
6962181067,127,2016-04-15 11:00:00,2016-04-15,34,0.566667,1151
6962181067,85,2016-04-15 12:00:00,2016-04-15,15,0.25,444
6962181067,55,2016-04-15 13:00:00,2016-04-15,0,0.0,0
6962181067,70,2016-04-15 14:00:00,2016-04-15,8,0.133333,207
6962181067,60,2016-04-15 15:00:00,2016-04-15,3,0.05,43
6962181067,56,2016-04-15 16:00:00,2016-04-15,0,0.0,0
6962181067,65,2016-04-15 17:00:00,2016-04-15,6,0.1,82
6962181067,101,2016-04-15 18:00:00,2016-04-15,25,0.416667,557
6962181067,61,2016-04-15 19:00:00,2016-04-15,3,0.05,41
6962181067,60,2016-04-15 20:00:00,2016-04-15,3,0.05,61
6962181067,54,2016-04-15 21:00:00,2016-04-15,0,0.0,0
6962181067,60,2016-04-15 22:00:00,2016-04-15,4,0.066667,47
6962181067,56,2016-04-15 23:00:00,2016-04-15,1,0.016667,24
6962181067,56,2016-04-16 00:00:00,2016-04-16,1,0.016667,6
6962181067,58,2016-04-16 01:00:00,2016-04-16,2,0.033333,22
6962181067,54,2016-04-16 02:00:00,2016-04-16,0,0.0,0
6962181067,55,2016-04-16 03:00:00,2016-04-16,1,0.016667,6
6962181067,54,2016-04-16 04:00:00,2016-04-16,0,0.0,0
6962181067,54,2016-04-16 05:00:00,2016-04-16,0,0.0,0
6962181067,54,2016-04-16 06:00:00,2016-04-16,0,0.0,0
6962181067,64,2016-04-16 07:00:00,2016-04-16,7,0.116667,79
6962181067,132,2016-04-16 08:00:00,2016-04-16,37,0.616667,902
6962181067,316,2016-04-16 09:00:00,2016-04-16,151,2.516667,5692
6962181067,118,2016-04-16 10:00:00,2016-04-16,31,0.516667,837
6962181067,125,2016-04-16 11:00:00,2016-04-16,30,0.5,925
6962181067,96,2016-04-16 12:00:00,2016-04-16,18,0.3,632
6962181067,69,2016-04-16 13:00:00,2016-04-16,7,0.116667,187
6962181067,58,2016-04-16 14:00:00,2016-04-16,2,0.033333,17
6962181067,103,2016-04-16 15:00:00,2016-04-16,26,0.433333,504
6962181067,87,2016-04-16 16:00:00,2016-04-16,18,0.3,273
6962181067,100,2016-04-16 17:00:00,2016-04-16,23,0.383333,538
6962181067,109,2016-04-16 18:00:00,2016-04-16,28,0.466667,569
6962181067,144,2016-04-16 19:00:00,2016-04-16,34,0.566667,1274
6962181067,90,2016-04-16 20:00:00,2016-04-16,14,0.233333,635
6962181067,55,2016-04-16 21:00:00,2016-04-16,0,0.0,0
6962181067,60,2016-04-16 22:00:00,2016-04-16,3,0.05,72
6962181067,60,2016-04-16 23:00:00,2016-04-16,3,0.05,47
6962181067,55,2016-04-17 00:00:00,2016-04-17,1,0.016667,5
6962181067,54,2016-04-17 01:00:00,2016-04-17,0,0.0,0
6962181067,58,2016-04-17 02:00:00,2016-04-17,3,0.05,30
6962181067,54,2016-04-17 03:00:00,2016-04-17,0,0.0,0
6962181067,54,2016-04-17 04:00:00,2016-04-17,0,0.0,0
6962181067,54,2016-04-17 05:00:00,2016-04-17,0,0.0,0
6962181067,54,2016-04-17 06:00:00,2016-04-17,0,0.0,0
6962181067,74,2016-04-17 07:00:00,2016-04-17,10,0.166667,201
6962181067,126,2016-04-17 08:00:00,2016-04-17,33,0.55,1055
6962181067,82,2016-04-17 09:00:00,2016-04-17,6,0.1,112
6962181067,114,2016-04-17 10:00:00,2016-04-17,22,0.366667,1095
6962181067,86,2016-04-17 11:00:00,2016-04-17,17,0.283333,353
6962181067,124,2016-04-17 12:00:00,2016-04-17,30,0.5,1095
6962181067,83,2016-04-17 13:00:00,2016-04-17,14,0.233333,292
6962181067,66,2016-04-17 14:00:00,2016-04-17,6,0.1,153
6962181067,170,2016-04-17 15:00:00,2016-04-17,62,1.033333,2012
6962181067,139,2016-04-17 16:00:00,2016-04-17,37,0.616667,1125
6962181067,111,2016-04-17 17:00:00,2016-04-17,31,0.516667,502
6962181067,122,2016-04-17 18:00:00,2016-04-17,30,0.5,1035
6962181067,119,2016-04-17 19:00:00,2016-04-17,28,0.466667,1038
6962181067,54,2016-04-17 20:00:00,2016-04-17,0,0.0,0
6962181067,60,2016-04-17 21:00:00,2016-04-17,2,0.033333,0
6962181067,61,2016-04-17 22:00:00,2016-04-17,4,0.066667,42
6962181067,54,2016-04-17 23:00:00,2016-04-17,0,0.0,0
6962181067,54,2016-04-18 00:00:00,2016-04-18,0,0.0,0
6962181067,54,2016-04-18 01:00:00,2016-04-18,0,0.0,0
6962181067,54,2016-04-18 02:00:00,2016-04-18,0,0.0,0
6962181067,56,2016-04-18 03:00:00,2016-04-18,1,0.016667,22
6962181067,54,2016-04-18 04:00:00,2016-04-18,0,0.0,0
6962181067,54,2016-04-18 05:00:00,2016-04-18,0,0.0,0
6962181067,56,2016-04-18 06:00:00,2016-04-18,2,0.033333,12
6962181067,113,2016-04-18 07:00:00,2016-04-18,32,0.533333,586
6962181067,88,2016-04-18 08:00:00,2016-04-18,15,0.25,456
6962181067,71,2016-04-18 09:00:00,2016-04-18,8,0.133333,215
6962181067,78,2016-04-18 10:00:00,2016-04-18,10,0.166667,304
6962181067,287,2016-04-18 11:00:00,2016-04-18,127,2.116667,4988
6962181067,136,2016-04-18 12:00:00,2016-04-18,34,0.566667,1276
6962181067,62,2016-04-18 13:00:00,2016-04-18,3,0.05,67
6962181067,56,2016-04-18 14:00:00,2016-04-18,0,0.0,0
6962181067,107,2016-04-18 15:00:00,2016-04-18,24,0.4,687
6962181067,140,2016-04-18 16:00:00,2016-04-18,39,0.65,1162
6962181067,106,2016-04-18 17:00:00,2016-04-18,22,0.366667,696
6962181067,89,2016-04-18 18:00:00,2016-04-18,19,0.316667,278
6962181067,95,2016-04-18 19:00:00,2016-04-18,19,0.316667,602
6962181067,54,2016-04-18 20:00:00,2016-04-18,0,0.0,0
6962181067,54,2016-04-18 21:00:00,2016-04-18,0,0.0,0
6962181067,67,2016-04-18 22:00:00,2016-04-18,5,0.083333,48
6962181067,55,2016-04-18 23:00:00,2016-04-18,1,0.016667,5
6962181067,55,2016-04-19 00:00:00,2016-04-19,1,0.016667,6
6962181067,54,2016-04-19 01:00:00,2016-04-19,0,0.0,0
6962181067,57,2016-04-19 02:00:00,2016-04-19,2,0.033333,23
6962181067,54,2016-04-19 03:00:00,2016-04-19,0,0.0,0
6962181067,55,2016-04-19 04:00:00,2016-04-19,0,0.0,0
6962181067,54,2016-04-19 05:00:00,2016-04-19,0,0.0,0
6962181067,54,2016-04-19 06:00:00,2016-04-19,0,0.0,0
6962181067,54,2016-04-19 07:00:00,2016-04-19,0,0.0,0
6962181067,113,2016-04-19 08:00:00,2016-04-19,22,0.366667,659
6962181067,156,2016-04-19 09:00:00,2016-04-19,46,0.766667,1360
6962181067,255,2016-04-19 10:00:00,2016-04-19,113,1.883333,4083
6962181067,69,2016-04-19 11:00:00,2016-04-19,8,0.133333,94
6962181067,59,2016-04-19 12:00:00,2016-04-19,2,0.033333,45
6962181067,78,2016-04-19 13:00:00,2016-04-19,12,0.2,258
6962181067,62,2016-04-19 14:00:00,2016-04-19,4,0.066667,40
6962181067,132,2016-04-19 15:00:00,2016-04-19,33,0.55,921
6962181067,151,2016-04-19 16:00:00,2016-04-19,54,0.9,1510
6962181067,147,2016-04-19 17:00:00,2016-04-19,48,0.8,1284
6962181067,76,2016-04-19 18:00:00,2016-04-19,12,0.2,170
6962181067,73,2016-04-19 19:00:00,2016-04-19,11,0.183333,143
6962181067,66,2016-04-19 20:00:00,2016-04-19,8,0.133333,87
6962181067,58,2016-04-19 21:00:00,2016-04-19,2,0.033333,22
6962181067,56,2016-04-19 22:00:00,2016-04-19,1,0.016667,6
6962181067,58,2016-04-19 23:00:00,2016-04-19,3,0.05,31
6962181067,54,2016-04-20 00:00:00,2016-04-20,0,0.0,0
6962181067,54,2016-04-20 01:00:00,2016-04-20,0,0.0,0
6962181067,54,2016-04-20 02:00:00,2016-04-20,0,0.0,0
6962181067,54,2016-04-20 03:00:00,2016-04-20,0,0.0,0
6962181067,54,2016-04-20 04:00:00,2016-04-20,0,0.0,0
6962181067,54,2016-04-20 05:00:00,2016-04-20,0,0.0,0
6962181067,54,2016-04-20 06:00:00,2016-04-20,0,0.0,0
6962181067,112,2016-04-20 07:00:00,2016-04-20,33,0.55,625
6962181067,108,2016-04-20 08:00:00,2016-04-20,24,0.4,735
6962181067,246,2016-04-20 09:00:00,2016-04-20,104,1.733333,3837
6962181067,193,2016-04-20 10:00:00,2016-04-20,77,1.283333,3089
6962181067,111,2016-04-20 11:00:00,2016-04-20,29,0.483333,693
6962181067,171,2016-04-20 12:00:00,2016-04-20,52,0.866667,2022
6962181067,56,2016-04-20 13:00:00,2016-04-20,0,0.0,0
6962181067,76,2016-04-20 14:00:00,2016-04-20,14,0.233333,194
6962181067,133,2016-04-20 15:00:00,2016-04-20,37,0.616667,1397
6962181067,56,2016-04-20 16:00:00,2016-04-20,1,0.016667,4
6962181067,77,2016-04-20 17:00:00,2016-04-20,11,0.183333,254
6962181067,96,2016-04-20 18:00:00,2016-04-20,23,0.383333,411
6962181067,68,2016-04-20 19:00:00,2016-04-20,7,0.116667,65
6962181067,117,2016-04-20 20:00:00,2016-04-20,28,0.466667,525
6962181067,59,2016-04-20 21:00:00,2016-04-20,3,0.05,14
6962181067,60,2016-04-20 22:00:00,2016-04-20,4,0.066667,51
6962181067,57,2016-04-20 23:00:00,2016-04-20,2,0.033333,12
6962181067,54,2016-04-21 00:00:00,2016-04-21,0,0.0,0
6962181067,54,2016-04-21 01:00:00,2016-04-21,0,0.0,0
6962181067,54,2016-04-21 02:00:00,2016-04-21,0,0.0,0
6962181067,54,2016-04-21 03:00:00,2016-04-21,0,0.0,0
6962181067,54,2016-04-21 04:00:00,2016-04-21,0,0.0,0
6962181067,55,2016-04-21 05:00:00,2016-04-21,1,0.016667,4
6962181067,54,2016-04-21 06:00:00,2016-04-21,0,0.0,0
6962181067,122,2016-04-21 07:00:00,2016-04-21,32,0.533333,815
6962181067,87,2016-04-21 08:00:00,2016-04-21,18,0.3,240
6962181067,174,2016-04-21 09:00:00,2016-04-21,59,0.983333,1802
6962181067,256,2016-04-21 10:00:00,2016-04-21,102,1.7,3120
6962181067,116,2016-04-21 11:00:00,2016-04-21,31,0.516667,667
6962181067,316,2016-04-21 12:00:00,2016-04-21,124,2.066667,3935
6962181067,68,2016-04-21 13:00:00,2016-04-21,2,0.033333,0
6962181067,63,2016-04-21 14:00:00,2016-04-21,5,0.083333,95
6962181067,57,2016-04-21 15:00:00,2016-04-21,1,0.016667,9
6962181067,104,2016-04-21 16:00:00,2016-04-21,21,0.35,564
6962181067,70,2016-04-21 17:00:00,2016-04-21,8,0.133333,155
6962181067,88,2016-04-21 18:00:00,2016-04-21,18,0.3,383
6962181067,56,2016-04-21 19:00:00,2016-04-21,1,0.016667,6
6962181067,57,2016-04-21 20:00:00,2016-04-21,2,0.033333,20
6962181067,56,2016-04-21 21:00:00,2016-04-21,1,0.016667,0
6962181067,56,2016-04-21 22:00:00,2016-04-21,1,0.016667,20
6962181067,54,2016-04-21 23:00:00,2016-04-21,0,0.0,0
6962181067,54,2016-04-22 00:00:00,2016-04-22,0,0.0,0
6962181067,54,2016-04-22 01:00:00,2016-04-22,0,0.0,0
6962181067,54,2016-04-22 02:00:00,2016-04-22,0,0.0,0
6962181067,54,2016-04-22 03:00:00,2016-04-22,0,0.0,0
6962181067,54,2016-04-22 04:00:00,2016-04-22,0,0.0,0
6962181067,54,2016-04-22 05:00:00,2016-04-22,0,0.0,0
6962181067,55,2016-04-22 06:00:00,2016-04-22,1,0.016667,7
6962181067,138,2016-04-22 07:00:00,2016-04-22,42,0.7,818
6962181067,81,2016-04-22 08:00:00,2016-04-22,15,0.25,180
6962181067,239,2016-04-22 09:00:00,2016-04-22,101,1.683333,3301
6962181067,93,2016-04-22 10:00:00,2016-04-22,23,0.383333,755
6962181067,117,2016-04-22 11:00:00,2016-04-22,29,0.483333,788
6962181067,220,2016-04-22 12:00:00,2016-04-22,74,1.233333,2193
6962181067,62,2016-04-22 13:00:00,2016-04-22,1,0.016667,17
6962181067,78,2016-04-22 14:00:00,2016-04-22,13,0.216667,271
6962181067,73,2016-04-22 15:00:00,2016-04-22,12,0.2,170
6962181067,111,2016-04-22 16:00:00,2016-04-22,29,0.483333,716
6962181067,97,2016-04-22 17:00:00,2016-04-22,22,0.366667,579
6962181067,84,2016-04-22 18:00:00,2016-04-22,14,0.233333,338
6962181067,86,2016-04-22 19:00:00,2016-04-22,13,0.216667,495
6962181067,57,2016-04-22 20:00:00,2016-04-22,2,0.033333,29
6962181067,61,2016-04-22 21:00:00,2016-04-22,3,0.05,36
6962181067,58,2016-04-22 22:00:00,2016-04-22,2,0.033333,32
6962181067,54,2016-04-22 23:00:00,2016-04-22,0,0.0,0
6962181067,54,2016-04-23 00:00:00,2016-04-23,0,0.0,0
6962181067,54,2016-04-23 01:00:00,2016-04-23,0,0.0,0
6962181067,54,2016-04-23 02:00:00,2016-04-23,0,0.0,0
6962181067,54,2016-04-23 03:00:00,2016-04-23,0,0.0,0
6962181067,54,2016-04-23 04:00:00,2016-04-23,0,0.0,0
6962181067,54,2016-04-23 05:00:00,2016-04-23,0,0.0,0
6962181067,54,2016-04-23 06:00:00,2016-04-23,0,0.0,0
6962181067,56,2016-04-23 07:00:00,2016-04-23,1,0.016667,7
6962181067,120,2016-04-23 08:00:00,2016-04-23,31,0.516667,650
6962181067,349,2016-04-23 09:00:00,2016-04-23,159,2.65,5890
6962181067,98,2016-04-23 10:00:00,2016-04-23,17,0.283333,292
6962181067,75,2016-04-23 11:00:00,2016-04-23,10,0.166667,189
6962181067,94,2016-04-23 12:00:00,2016-04-23,19,0.316667,445
6962181067,81,2016-04-23 13:00:00,2016-04-23,14,0.233333,250
6962181067,142,2016-04-23 14:00:00,2016-04-23,38,0.633333,1209
6962181067,126,2016-04-23 15:00:00,2016-04-23,33,0.55,884
6962181067,178,2016-04-23 16:00:00,2016-04-23,44,0.733333,2124
6962181067,233,2016-04-23 17:00:00,2016-04-23,95,1.583333,3353
6962181067,100,2016-04-23 18:00:00,2016-04-23,20,0.333333,619
6962181067,162,2016-04-23 19:00:00,2016-04-23,40,0.666667,1858
6962181067,113,2016-04-23 20:00:00,2016-04-23,30,0.5,790
6962181067,105,2016-04-23 21:00:00,2016-04-23,26,0.433333,713
6962181067,65,2016-04-23 22:00:00,2016-04-23,6,0.1,87
6962181067,97,2016-04-23 23:00:00,2016-04-23,20,0.333333,671
6962181067,54,2016-04-24 00:00:00,2016-04-24,0,0.0,0
6962181067,54,2016-04-24 01:00:00,2016-04-24,0,0.0,0
6962181067,54,2016-04-24 02:00:00,2016-04-24,0,0.0,0
6962181067,54,2016-04-24 03:00:00,2016-04-24,0,0.0,0
6962181067,54,2016-04-24 04:00:00,2016-04-24,0,0.0,0
6962181067,54,2016-04-24 05:00:00,2016-04-24,0,0.0,0
6962181067,54,2016-04-24 06:00:00,2016-04-24,0,0.0,0
6962181067,55,2016-04-24 07:00:00,2016-04-24,1,0.016667,9
6962181067,57,2016-04-24 08:00:00,2016-04-24,2,0.033333,22
6962181067,102,2016-04-24 09:00:00,2016-04-24,26,0.433333,572
6962181067,102,2016-04-24 10:00:00,2016-04-24,20,0.333333,614
6962181067,86,2016-04-24 11:00:00,2016-04-24,11,0.183333,372
6962181067,96,2016-04-24 12:00:00,2016-04-24,17,0.283333,546
6962181067,66,2016-04-24 13:00:00,2016-04-24,6,0.1,135
6962181067,61,2016-04-24 14:00:00,2016-04-24,4,0.066667,42
6962181067,55,2016-04-24 15:00:00,2016-04-24,1,0.016667,4
6962181067,107,2016-04-24 16:00:00,2016-04-24,23,0.383333,869
6962181067,102,2016-04-24 17:00:00,2016-04-24,23,0.383333,621
6962181067,95,2016-04-24 18:00:00,2016-04-24,24,0.4,378
6962181067,81,2016-04-24 19:00:00,2016-04-24,17,0.283333,225
6962181067,79,2016-04-24 20:00:00,2016-04-24,14,0.233333,300
6962181067,67,2016-04-24 21:00:00,2016-04-24,6,0.1,219
6962181067,62,2016-04-24 22:00:00,2016-04-24,4,0.066667,101
6962181067,54,2016-04-24 23:00:00,2016-04-24,0,0.0,0
6962181067,54,2016-04-25 00:00:00,2016-04-25,0,0.0,0
6962181067,54,2016-04-25 01:00:00,2016-04-25,0,0.0,0
6962181067,54,2016-04-25 02:00:00,2016-04-25,0,0.0,0
6962181067,54,2016-04-25 03:00:00,2016-04-25,0,0.0,0
6962181067,56,2016-04-25 04:00:00,2016-04-25,1,0.016667,11
6962181067,54,2016-04-25 05:00:00,2016-04-25,0,0.0,0
6962181067,54,2016-04-25 06:00:00,2016-04-25,0,0.0,0
6962181067,149,2016-04-25 07:00:00,2016-04-25,43,0.716667,1330
6962181067,147,2016-04-25 08:00:00,2016-04-25,49,0.816667,1225
6962181067,130,2016-04-25 09:00:00,2016-04-25,39,0.65,868
6962181067,238,2016-04-25 10:00:00,2016-04-25,100,1.666667,3636
6962181067,89,2016-04-25 11:00:00,2016-04-25,17,0.283333,521
6962181067,139,2016-04-25 12:00:00,2016-04-25,33,0.55,895
6962181067,57,2016-04-25 13:00:00,2016-04-25,0,0.0,0
6962181067,76,2016-04-25 14:00:00,2016-04-25,12,0.2,253
6962181067,85,2016-04-25 15:00:00,2016-04-25,13,0.216667,293
6962181067,126,2016-04-25 16:00:00,2016-04-25,36,0.6,857
6962181067,190,2016-04-25 17:00:00,2016-04-25,71,1.183333,2818
6962181067,83,2016-04-25 18:00:00,2016-04-25,17,0.283333,285
6962181067,70,2016-04-25 19:00:00,2016-04-25,8,0.133333,130
6962181067,57,2016-04-25 20:00:00,2016-04-25,1,0.016667,14
6962181067,57,2016-04-25 21:00:00,2016-04-25,1,0.016667,8
6962181067,66,2016-04-25 22:00:00,2016-04-25,8,0.133333,95
6962181067,54,2016-04-25 23:00:00,2016-04-25,0,0.0,0
6962181067,54,2016-04-26 00:00:00,2016-04-26,0,0.0,0
6962181067,55,2016-04-26 01:00:00,2016-04-26,1,0.016667,7
6962181067,54,2016-04-26 02:00:00,2016-04-26,0,0.0,0
6962181067,54,2016-04-26 03:00:00,2016-04-26,0,0.0,0
6962181067,54,2016-04-26 04:00:00,2016-04-26,0,0.0,0
6962181067,54,2016-04-26 05:00:00,2016-04-26,0,0.0,0
6962181067,69,2016-04-26 06:00:00,2016-04-26,8,0.133333,188
6962181067,106,2016-04-26 07:00:00,2016-04-26,27,0.45,514
6962181067,93,2016-04-26 08:00:00,2016-04-26,20,0.333333,429
6962181067,102,2016-04-26 09:00:00,2016-04-26,22,0.366667,501
6962181067,113,2016-04-26 10:00:00,2016-04-26,30,0.5,665
6962181067,125,2016-04-26 11:00:00,2016-04-26,30,0.5,832
6962181067,294,2016-04-26 12:00:00,2016-04-26,137,2.283333,5110
6962181067,63,2016-04-26 13:00:00,2016-04-26,2,0.033333,22
6962181067,61,2016-04-26 14:00:00,2016-04-26,4,0.066667,58
6962181067,82,2016-04-26 15:00:00,2016-04-26,16,0.266667,323
6962181067,81,2016-04-26 16:00:00,2016-04-26,16,0.266667,251
6962181067,72,2016-04-26 17:00:00,2016-04-26,9,0.15,161
6962181067,107,2016-04-26 18:00:00,2016-04-26,24,0.4,857
6962181067,86,2016-04-26 19:00:00,2016-04-26,17,0.283333,299
6962181067,77,2016-04-26 20:00:00,2016-04-26,13,0.216667,216
6962181067,54,2016-04-26 21:00:00,2016-04-26,0,0.0,0
6962181067,54,2016-04-26 22:00:00,2016-04-26,0,0.0,0
6962181067,54,2016-04-26 23:00:00,2016-04-26,0,0.0,0
6962181067,54,2016-04-27 00:00:00,2016-04-27,0,0.0,0
6962181067,54,2016-04-27 01:00:00,2016-04-27,0,0.0,0
6962181067,54,2016-04-27 02:00:00,2016-04-27,0,0.0,0
6962181067,55,2016-04-27 03:00:00,2016-04-27,1,0.016667,8
6962181067,54,2016-04-27 04:00:00,2016-04-27,0,0.0,0
6962181067,54,2016-04-27 05:00:00,2016-04-27,0,0.0,0
6962181067,61,2016-04-27 06:00:00,2016-04-27,4,0.066667,77
6962181067,115,2016-04-27 07:00:00,2016-04-27,32,0.533333,660
6962181067,100,2016-04-27 08:00:00,2016-04-27,23,0.383333,588
6962181067,81,2016-04-27 09:00:00,2016-04-27,15,0.25,259
6962181067,93,2016-04-27 10:00:00,2016-04-27,21,0.35,441
6962181067,209,2016-04-27 11:00:00,2016-04-27,83,1.383333,3081
6962181067,87,2016-04-27 12:00:00,2016-04-27,15,0.25,371
6962181067,58,2016-04-27 13:00:00,2016-04-27,2,0.033333,23
6962181067,62,2016-04-27 14:00:00,2016-04-27,4,0.066667,71
6962181067,56,2016-04-27 15:00:00,2016-04-27,0,0.0,0
6962181067,120,2016-04-27 16:00:00,2016-04-27,33,0.55,816
6962181067,109,2016-04-27 17:00:00,2016-04-27,28,0.466667,620
6962181067,135,2016-04-27 18:00:00,2016-04-27,36,0.6,799
6962181067,127,2016-04-27 19:00:00,2016-04-27,34,0.566667,1229
6962181067,112,2016-04-27 20:00:00,2016-04-27,33,0.55,1106
6962181067,65,2016-04-27 21:00:00,2016-04-27,3,0.05,50
6962181067,55,2016-04-27 22:00:00,2016-04-27,1,0.016667,6
6962181067,66,2016-04-27 23:00:00,2016-04-27,8,0.133333,115
6962181067,54,2016-04-28 00:00:00,2016-04-28,0,0.0,0
6962181067,55,2016-04-28 01:00:00,2016-04-28,1,0.016667,4
6962181067,57,2016-04-28 02:00:00,2016-04-28,2,0.033333,38
6962181067,54,2016-04-28 03:00:00,2016-04-28,0,0.0,0
6962181067,54,2016-04-28 04:00:00,2016-04-28,0,0.0,0
6962181067,54,2016-04-28 05:00:00,2016-04-28,0,0.0,0
6962181067,54,2016-04-28 06:00:00,2016-04-28,0,0.0,0
6962181067,54,2016-04-28 07:00:00,2016-04-28,0,0.0,0
6962181067,110,2016-04-28 08:00:00,2016-04-28,28,0.466667,632
6962181067,123,2016-04-28 09:00:00,2016-04-28,35,0.583333,901
6962181067,106,2016-04-28 10:00:00,2016-04-28,22,0.366667,775
6962181067,140,2016-04-28 11:00:00,2016-04-28,33,0.55,1226
6962181067,274,2016-04-28 12:00:00,2016-04-28,104,1.733333,3769
6962181067,168,2016-04-28 13:00:00,2016-04-28,55,0.916667,1469
6962181067,74,2016-04-28 14:00:00,2016-04-28,10,0.166667,168
6962181067,111,2016-04-28 15:00:00,2016-04-28,27,0.45,851
6962181067,81,2016-04-28 16:00:00,2016-04-28,13,0.216667,394
6962181067,147,2016-04-28 17:00:00,2016-04-28,42,0.7,1313
6962181067,90,2016-04-28 18:00:00,2016-04-28,18,0.3,410
6962181067,95,2016-04-28 19:00:00,2016-04-28,19,0.316667,543
6962181067,68,2016-04-28 20:00:00,2016-04-28,9,0.15,134
6962181067,54,2016-04-28 21:00:00,2016-04-28,0,0.0,0
6962181067,54,2016-04-28 22:00:00,2016-04-28,0,0.0,0
6962181067,54,2016-04-28 23:00:00,2016-04-28,0,0.0,0
6962181067,54,2016-04-29 00:00:00,2016-04-29,0,0.0,0
6962181067,54,2016-04-29 01:00:00,2016-04-29,0,0.0,0
6962181067,54,2016-04-29 02:00:00,2016-04-29,0,0.0,0
6962181067,54,2016-04-29 03:00:00,2016-04-29,0,0.0,0
6962181067,54,2016-04-29 04:00:00,2016-04-29,0,0.0,0
6962181067,54,2016-04-29 05:00:00,2016-04-29,0,0.0,0
6962181067,62,2016-04-29 06:00:00,2016-04-29,5,0.083333,82
6962181067,110,2016-04-29 07:00:00,2016-04-29,29,0.483333,582
6962181067,112,2016-04-29 08:00:00,2016-04-29,30,0.5,649
6962181067,168,2016-04-29 09:00:00,2016-04-29,45,0.75,1162
6962181067,232,2016-04-29 10:00:00,2016-04-29,69,1.15,1345
6962181067,107,2016-04-29 11:00:00,2016-04-29,20,0.333333,697
6962181067,175,2016-04-29 12:00:00,2016-04-29,65,1.083333,2129
6962181067,68,2016-04-29 13:00:00,2016-04-29,6,0.1,100
6962181067,69,2016-04-29 14:00:00,2016-04-29,8,0.133333,89
6962181067,102,2016-04-29 15:00:00,2016-04-29,23,0.383333,587
6962181067,109,2016-04-29 16:00:00,2016-04-29,27,0.45,737
6962181067,113,2016-04-29 17:00:00,2016-04-29,28,0.466667,526
6962181067,133,2016-04-29 18:00:00,2016-04-29,33,0.55,979
6962181067,102,2016-04-29 19:00:00,2016-04-29,22,0.366667,433
6962181067,94,2016-04-29 20:00:00,2016-04-29,19,0.316667,560
6962181067,62,2016-04-29 21:00:00,2016-04-29,4,0.066667,77
6962181067,54,2016-04-29 22:00:00,2016-04-29,0,0.0,0
6962181067,57,2016-04-29 23:00:00,2016-04-29,2,0.033333,28
6962181067,55,2016-04-30 00:00:00,2016-04-30,0,0.0,0
6962181067,55,2016-04-30 01:00:00,2016-04-30,1,0.016667,7
6962181067,54,2016-04-30 02:00:00,2016-04-30,0,0.0,0
6962181067,54,2016-04-30 03:00:00,2016-04-30,0,0.0,0
6962181067,54,2016-04-30 04:00:00,2016-04-30,0,0.0,0
6962181067,54,2016-04-30 05:00:00,2016-04-30,0,0.0,0
6962181067,54,2016-04-30 06:00:00,2016-04-30,0,0.0,0
6962181067,54,2016-04-30 07:00:00,2016-04-30,0,0.0,0
6962181067,56,2016-04-30 08:00:00,2016-04-30,1,0.016667,10
6962181067,98,2016-04-30 09:00:00,2016-04-30,24,0.4,572
6962181067,222,2016-04-30 10:00:00,2016-04-30,97,1.616667,3293
6962181067,125,2016-04-30 11:00:00,2016-04-30,34,0.566667,736
6962181067,111,2016-04-30 12:00:00,2016-04-30,27,0.45,613
6962181067,124,2016-04-30 13:00:00,2016-04-30,34,0.566667,824
6962181067,107,2016-04-30 14:00:00,2016-04-30,25,0.416667,676
6962181067,85,2016-04-30 15:00:00,2016-04-30,16,0.266667,271
6962181067,56,2016-04-30 16:00:00,2016-04-30,0,0.0,0
6962181067,95,2016-04-30 17:00:00,2016-04-30,22,0.366667,407
6962181067,115,2016-04-30 18:00:00,2016-04-30,30,0.5,686
6962181067,85,2016-04-30 19:00:00,2016-04-30,17,0.283333,384
6962181067,129,2016-04-30 20:00:00,2016-04-30,37,0.616667,1602
6962181067,54,2016-04-30 21:00:00,2016-04-30,0,0.0,0
6962181067,54,2016-04-30 22:00:00,2016-04-30,0,0.0,0
6962181067,54,2016-04-30 23:00:00,2016-04-30,0,0.0,0
6962181067,56,2016-05-01 00:00:00,2016-05-01,1,0.016667,0
6962181067,54,2016-05-01 01:00:00,2016-05-01,0,0.0,0
6962181067,54,2016-05-01 02:00:00,2016-05-01,0,0.0,0
6962181067,56,2016-05-01 03:00:00,2016-05-01,1,0.016667,16
6962181067,54,2016-05-01 04:00:00,2016-05-01,0,0.0,0
6962181067,54,2016-05-01 05:00:00,2016-05-01,0,0.0,0
6962181067,54,2016-05-01 06:00:00,2016-05-01,0,0.0,0
6962181067,55,2016-05-01 07:00:00,2016-05-01,0,0.0,0
6962181067,108,2016-05-01 08:00:00,2016-05-01,27,0.45,667
6962181067,80,2016-05-01 09:00:00,2016-05-01,10,0.166667,289
6962181067,144,2016-05-01 10:00:00,2016-05-01,32,0.533333,1647
6962181067,76,2016-05-01 11:00:00,2016-05-01,12,0.2,295
6962181067,82,2016-05-01 12:00:00,2016-05-01,18,0.3,205
6962181067,78,2016-05-01 13:00:00,2016-05-01,15,0.25,139
6962181067,77,2016-05-01 14:00:00,2016-05-01,13,0.216667,181
6962181067,69,2016-05-01 15:00:00,2016-05-01,9,0.15,163
6962181067,59,2016-05-01 16:00:00,2016-05-01,3,0.05,25
6962181067,96,2016-05-01 17:00:00,2016-05-01,20,0.333333,468
6962181067,106,2016-05-01 18:00:00,2016-05-01,29,0.483333,544
6962181067,103,2016-05-01 19:00:00,2016-05-01,21,0.35,740
6962181067,58,2016-05-01 20:00:00,2016-05-01,1,0.016667,31
6962181067,58,2016-05-01 21:00:00,2016-05-01,2,0.033333,40
6962181067,56,2016-05-01 22:00:00,2016-05-01,1,0.016667,4
6962181067,54,2016-05-01 23:00:00,2016-05-01,0,0.0,0
6962181067,54,2016-05-02 00:00:00,2016-05-02,0,0.0,0
6962181067,55,2016-05-02 01:00:00,2016-05-02,1,0.016667,6
6962181067,54,2016-05-02 02:00:00,2016-05-02,0,0.0,0
6962181067,54,2016-05-02 03:00:00,2016-05-02,0,0.0,0
6962181067,57,2016-05-02 04:00:00,2016-05-02,2,0.033333,29
6962181067,54,2016-05-02 05:00:00,2016-05-02,0,0.0,0
6962181067,61,2016-05-02 06:00:00,2016-05-02,4,0.066667,68
6962181067,129,2016-05-02 07:00:00,2016-05-02,36,0.6,1123
6962181067,100,2016-05-02 08:00:00,2016-05-02,25,0.416667,517
6962181067,136,2016-05-02 09:00:00,2016-05-02,40,0.666667,1469
6962181067,93,2016-05-02 10:00:00,2016-05-02,16,0.266667,752
6962181067,99,2016-05-02 11:00:00,2016-05-02,24,0.4,528
6962181067,165,2016-05-02 12:00:00,2016-05-02,60,1.0,1937
6962181067,60,2016-05-02 13:00:00,2016-05-02,2,0.033333,20
6962181067,70,2016-05-02 14:00:00,2016-05-02,9,0.15,149
6962181067,93,2016-05-02 15:00:00,2016-05-02,21,0.35,430
6962181067,111,2016-05-02 16:00:00,2016-05-02,27,0.45,737
6962181067,128,2016-05-02 17:00:00,2016-05-02,39,0.65,1006
6962181067,143,2016-05-02 18:00:00,2016-05-02,43,0.716667,1385
6962181067,187,2016-05-02 19:00:00,2016-05-02,72,1.2,2368
6962181067,60,2016-05-02 20:00:00,2016-05-02,2,0.033333,50
6962181067,60,2016-05-02 21:00:00,2016-05-02,3,0.05,44
6962181067,73,2016-05-02 22:00:00,2016-05-02,12,0.2,178
6962181067,65,2016-05-02 23:00:00,2016-05-02,7,0.116667,116
6962181067,54,2016-05-03 00:00:00,2016-05-03,0,0.0,0
6962181067,57,2016-05-03 01:00:00,2016-05-03,2,0.033333,28
6962181067,54,2016-05-03 02:00:00,2016-05-03,0,0.0,0
6962181067,54,2016-05-03 03:00:00,2016-05-03,0,0.0,0
6962181067,59,2016-05-03 04:00:00,2016-05-03,3,0.05,67
6962181067,54,2016-05-03 05:00:00,2016-05-03,0,0.0,0
6962181067,55,2016-05-03 06:00:00,2016-05-03,1,0.016667,6
6962181067,132,2016-05-03 07:00:00,2016-05-03,39,0.65,1058
6962181067,132,2016-05-03 08:00:00,2016-05-03,38,0.633333,1083
6962181067,65,2016-05-03 09:00:00,2016-05-03,5,0.083333,111
6962181067,110,2016-05-03 10:00:00,2016-05-03,31,0.516667,1181
6962181067,150,2016-05-03 11:00:00,2016-05-03,49,0.816667,1729
6962181067,208,2016-05-03 12:00:00,2016-05-03,73,1.216667,3053
6962181067,136,2016-05-03 13:00:00,2016-05-03,44,0.733333,1702
6962181067,71,2016-05-03 14:00:00,2016-05-03,8,0.133333,213
6962181067,112,2016-05-03 15:00:00,2016-05-03,30,0.5,577
6962181067,86,2016-05-03 16:00:00,2016-05-03,16,0.266667,391
6962181067,68,2016-05-03 17:00:00,2016-05-03,8,0.133333,88
6962181067,85,2016-05-03 18:00:00,2016-05-03,17,0.283333,306
6962181067,72,2016-05-03 19:00:00,2016-05-03,11,0.183333,121
6962181067,83,2016-05-03 20:00:00,2016-05-03,17,0.283333,308
6962181067,66,2016-05-03 21:00:00,2016-05-03,8,0.133333,74
6962181067,57,2016-05-03 22:00:00,2016-05-03,2,0.033333,13
6962181067,54,2016-05-03 23:00:00,2016-05-03,0,0.0,0
6962181067,54,2016-05-04 00:00:00,2016-05-04,0,0.0,0
6962181067,56,2016-05-04 01:00:00,2016-05-04,1,0.016667,23
6962181067,55,2016-05-04 02:00:00,2016-05-04,1,0.016667,10
6962181067,54,2016-05-04 03:00:00,2016-05-04,0,0.0,0
6962181067,55,2016-05-04 04:00:00,2016-05-04,1,0.016667,9
6962181067,54,2016-05-04 05:00:00,2016-05-04,0,0.0,0
6962181067,60,2016-05-04 06:00:00,2016-05-04,4,0.066667,58
6962181067,110,2016-05-04 07:00:00,2016-05-04,30,0.5,628
6962181067,107,2016-05-04 08:00:00,2016-05-04,28,0.466667,710
6962181067,151,2016-05-04 09:00:00,2016-05-04,51,0.85,1066
6962181067,193,2016-05-04 10:00:00,2016-05-04,67,1.116667,1809
6962181067,146,2016-05-04 11:00:00,2016-05-04,47,0.783333,1621
6962181067,86,2016-05-04 12:00:00,2016-05-04,14,0.233333,455
6962181067,55,2016-05-04 13:00:00,2016-05-04,0,0.0,0
6962181067,65,2016-05-04 14:00:00,2016-05-04,7,0.116667,61
6962181067,85,2016-05-04 15:00:00,2016-05-04,20,0.333333,294
6962181067,78,2016-05-04 16:00:00,2016-05-04,14,0.233333,308
6962181067,113,2016-05-04 17:00:00,2016-05-04,31,0.516667,521
6962181067,105,2016-05-04 18:00:00,2016-05-04,22,0.366667,731
6962181067,134,2016-05-04 19:00:00,2016-05-04,37,0.616667,1094
6962181067,92,2016-05-04 20:00:00,2016-05-04,18,0.3,602
6962181067,59,2016-05-04 21:00:00,2016-05-04,2,0.033333,0
6962181067,61,2016-05-04 22:00:00,2016-05-04,4,0.066667,91
6962181067,58,2016-05-04 23:00:00,2016-05-04,2,0.033333,56
6962181067,54,2016-05-05 00:00:00,2016-05-05,0,0.0,0
6962181067,56,2016-05-05 01:00:00,2016-05-05,1,0.016667,10
6962181067,54,2016-05-05 02:00:00,2016-05-05,0,0.0,0
6962181067,54,2016-05-05 03:00:00,2016-05-05,0,0.0,0
6962181067,54,2016-05-05 04:00:00,2016-05-05,0,0.0,0
6962181067,54,2016-05-05 05:00:00,2016-05-05,0,0.0,0
6962181067,57,2016-05-05 06:00:00,2016-05-05,2,0.033333,33
6962181067,55,2016-05-05 07:00:00,2016-05-05,1,0.016667,7
6962181067,121,2016-05-05 08:00:00,2016-05-05,31,0.516667,817
6962181067,123,2016-05-05 09:00:00,2016-05-05,30,0.5,663
6962181067,109,2016-05-05 10:00:00,2016-05-05,28,0.466667,730
6962181067,105,2016-05-05 11:00:00,2016-05-05,27,0.45,606
6962181067,123,2016-05-05 12:00:00,2016-05-05,36,0.6,769
6962181067,59,2016-05-05 13:00:00,2016-05-05,2,0.033333,16
6962181067,72,2016-05-05 14:00:00,2016-05-05,11,0.183333,157
6962181067,93,2016-05-05 15:00:00,2016-05-05,22,0.366667,446
6962181067,113,2016-05-05 16:00:00,2016-05-05,31,0.516667,727
6962181067,110,2016-05-05 17:00:00,2016-05-05,25,0.416667,731
6962181067,113,2016-05-05 18:00:00,2016-05-05,25,0.416667,819
6962181067,242,2016-05-05 19:00:00,2016-05-05,103,1.716667,3673
6962181067,83,2016-05-05 20:00:00,2016-05-05,16,0.266667,320
6962181067,54,2016-05-05 21:00:00,2016-05-05,0,0.0,0
6962181067,54,2016-05-05 22:00:00,2016-05-05,0,0.0,0
6962181067,54,2016-05-05 23:00:00,2016-05-05,0,0.0,0
6962181067,55,2016-05-06 00:00:00,2016-05-06,1,0.016667,7
6962181067,54,2016-05-06 01:00:00,2016-05-06,0,0.0,0
6962181067,54,2016-05-06 02:00:00,2016-05-06,0,0.0,0
6962181067,54,2016-05-06 03:00:00,2016-05-06,0,0.0,0
6962181067,54,2016-05-06 04:00:00,2016-05-06,0,0.0,0
6962181067,54,2016-05-06 05:00:00,2016-05-06,0,0.0,0
6962181067,54,2016-05-06 06:00:00,2016-05-06,0,0.0,0
6962181067,101,2016-05-06 07:00:00,2016-05-06,24,0.4,493
6962181067,121,2016-05-06 08:00:00,2016-05-06,28,0.466667,897
6962181067,93,2016-05-06 09:00:00,2016-05-06,22,0.366667,422
6962181067,67,2016-05-06 10:00:00,2016-05-06,7,0.116667,58
6962181067,72,2016-05-06 11:00:00,2016-05-06,10,0.166667,145
6962181067,82,2016-05-06 12:00:00,2016-05-06,15,0.25,297
6962181067,74,2016-05-06 13:00:00,2016-05-06,10,0.166667,252
6962181067,70,2016-05-06 14:00:00,2016-05-06,11,0.183333,93
6962181067,57,2016-05-06 15:00:00,2016-05-06,1,0.016667,7
6962181067,87,2016-05-06 16:00:00,2016-05-06,22,0.366667,258
6962181067,90,2016-05-06 17:00:00,2016-05-06,22,0.366667,417
6962181067,106,2016-05-06 18:00:00,2016-05-06,26,0.433333,682
6962181067,61,2016-05-06 19:00:00,2016-05-06,3,0.05,67
6962181067,105,2016-05-06 20:00:00,2016-05-06,28,0.466667,587
6962181067,95,2016-05-06 21:00:00,2016-05-06,22,0.366667,480
6962181067,113,2016-05-06 22:00:00,2016-05-06,33,0.55,584
6962181067,77,2016-05-06 23:00:00,2016-05-06,14,0.233333,162
6962181067,59,2016-05-07 00:00:00,2016-05-07,2,0.033333,13
6962181067,76,2016-05-07 01:00:00,2016-05-07,13,0.216667,175
6962181067,85,2016-05-07 02:00:00,2016-05-07,18,0.3,285
6962181067,62,2016-05-07 03:00:00,2016-05-07,5,0.083333,75
6962181067,59,2016-05-07 04:00:00,2016-05-07,3,0.05,56
6962181067,54,2016-05-07 05:00:00,2016-05-07,0,0.0,0
6962181067,60,2016-05-07 06:00:00,2016-05-07,3,0.05,101
6962181067,54,2016-05-07 07:00:00,2016-05-07,0,0.0,0
6962181067,60,2016-05-07 08:00:00,2016-05-07,4,0.066667,49
6962181067,121,2016-05-07 09:00:00,2016-05-07,35,0.583333,573
6962181067,73,2016-05-07 10:00:00,2016-05-07,8,0.133333,153
6962181067,118,2016-05-07 11:00:00,2016-05-07,31,0.516667,763
6962181067,74,2016-05-07 12:00:00,2016-05-07,11,0.183333,125
6962181067,96,2016-05-07 13:00:00,2016-05-07,24,0.4,462
6962181067,80,2016-05-07 14:00:00,2016-05-07,13,0.216667,264
6962181067,54,2016-05-07 15:00:00,2016-05-07,0,0.0,0
6962181067,94,2016-05-07 16:00:00,2016-05-07,20,0.333333,387
6962181067,81,2016-05-07 17:00:00,2016-05-07,12,0.2,318
6962181067,114,2016-05-07 18:00:00,2016-05-07,25,0.416667,681
6962181067,139,2016-05-07 19:00:00,2016-05-07,41,0.683333,1026
6962181067,104,2016-05-07 20:00:00,2016-05-07,26,0.433333,502
6962181067,73,2016-05-07 21:00:00,2016-05-07,8,0.133333,294
6962181067,85,2016-05-07 22:00:00,2016-05-07,16,0.266667,319
6962181067,72,2016-05-07 23:00:00,2016-05-07,10,0.166667,194
6962181067,55,2016-05-08 00:00:00,2016-05-08,0,0.0,0
6962181067,54,2016-05-08 01:00:00,2016-05-08,0,0.0,0
6962181067,54,2016-05-08 02:00:00,2016-05-08,0,0.0,0
6962181067,54,2016-05-08 03:00:00,2016-05-08,0,0.0,0
6962181067,61,2016-05-08 04:00:00,2016-05-08,4,0.066667,87
6962181067,55,2016-05-08 05:00:00,2016-05-08,1,0.016667,4
6962181067,54,2016-05-08 06:00:00,2016-05-08,0,0.0,0
6962181067,54,2016-05-08 07:00:00,2016-05-08,0,0.0,0
6962181067,55,2016-05-08 08:00:00,2016-05-08,1,0.016667,5
6962181067,62,2016-05-08 09:00:00,2016-05-08,5,0.083333,48
6962181067,113,2016-05-08 10:00:00,2016-05-08,25,0.416667,771
6962181067,105,2016-05-08 11:00:00,2016-05-08,27,0.45,569
6962181067,92,2016-05-08 12:00:00,2016-05-08,19,0.316667,429
6962181067,65,2016-05-08 13:00:00,2016-05-08,3,0.05,53
6962181067,73,2016-05-08 14:00:00,2016-05-08,9,0.15,106
6962181067,75,2016-05-08 15:00:00,2016-05-08,10,0.166667,196
6962181067,157,2016-05-08 16:00:00,2016-05-08,51,0.85,1465
6962181067,90,2016-05-08 17:00:00,2016-05-08,19,0.316667,396
6962181067,58,2016-05-08 18:00:00,2016-05-08,3,0.05,36
6962181067,54,2016-05-08 19:00:00,2016-05-08,0,0.0,0
6962181067,54,2016-05-08 20:00:00,2016-05-08,0,0.0,0
6962181067,54,2016-05-08 21:00:00,2016-05-08,0,0.0,0
6962181067,55,2016-05-08 22:00:00,2016-05-08,0,0.0,0
6962181067,57,2016-05-08 23:00:00,2016-05-08,2,0.033333,23
6962181067,54,2016-05-09 00:00:00,2016-05-09,0,0.0,0
6962181067,55,2016-05-09 01:00:00,2016-05-09,0,0.0,0
6962181067,54,2016-05-09 02:00:00,2016-05-09,0,0.0,0
6962181067,55,2016-05-09 03:00:00,2016-05-09,0,0.0,0
6962181067,54,2016-05-09 04:00:00,2016-05-09,0,0.0,0
6962181067,54,2016-05-09 05:00:00,2016-05-09,0,0.0,0
6962181067,55,2016-05-09 06:00:00,2016-05-09,0,0.0,0
6962181067,56,2016-05-09 07:00:00,2016-05-09,1,0.016667,15
6962181067,120,2016-05-09 08:00:00,2016-05-09,33,0.55,886
6962181067,144,2016-05-09 09:00:00,2016-05-09,45,0.75,1322
6962181067,266,2016-05-09 10:00:00,2016-05-09,112,1.866667,4203
6962181067,113,2016-05-09 11:00:00,2016-05-09,26,0.433333,690
6962181067,90,2016-05-09 12:00:00,2016-05-09,18,0.3,383
6962181067,64,2016-05-09 13:00:00,2016-05-09,4,0.066667,106
6962181067,73,2016-05-09 14:00:00,2016-05-09,11,0.183333,169
6962181067,59,2016-05-09 15:00:00,2016-05-09,2,0.033333,14
6962181067,70,2016-05-09 16:00:00,2016-05-09,10,0.166667,116
6962181067,147,2016-05-09 17:00:00,2016-05-09,39,0.65,890
6962181067,68,2016-05-09 18:00:00,2016-05-09,8,0.133333,100
6962181067,211,2016-05-09 19:00:00,2016-05-09,80,1.333333,3269
6962181067,65,2016-05-09 20:00:00,2016-05-09,3,0.05,52
6962181067,62,2016-05-09 21:00:00,2016-05-09,5,0.083333,52
6962181067,62,2016-05-09 22:00:00,2016-05-09,5,0.083333,75
6962181067,54,2016-05-09 23:00:00,2016-05-09,0,0.0,0
6962181067,57,2016-05-10 00:00:00,2016-05-10,2,0.033333,35
6962181067,56,2016-05-10 01:00:00,2016-05-10,1,0.016667,11
6962181067,55,2016-05-10 02:00:00,2016-05-10,1,0.016667,6
6962181067,54,2016-05-10 03:00:00,2016-05-10,0,0.0,0
6962181067,54,2016-05-10 04:00:00,2016-05-10,0,0.0,0
6962181067,54,2016-05-10 05:00:00,2016-05-10,0,0.0,0
6962181067,58,2016-05-10 06:00:00,2016-05-10,2,0.033333,36
6962181067,198,2016-05-10 07:00:00,2016-05-10,76,1.266667,2175
6962181067,100,2016-05-10 08:00:00,2016-05-10,19,0.316667,445
6962181067,212,2016-05-10 09:00:00,2016-05-10,76,1.266667,2491
6962181067,310,2016-05-10 10:00:00,2016-05-10,139,2.316667,4269
6962181067,124,2016-05-10 11:00:00,2016-05-10,38,0.633333,888
6962181067,69,2016-05-10 12:00:00,2016-05-10,8,0.133333,129
6962181067,60,2016-05-10 13:00:00,2016-05-10,3,0.05,17
6962181067,66,2016-05-10 14:00:00,2016-05-10,7,0.116667,122
6962181067,79,2016-05-10 15:00:00,2016-05-10,14,0.233333,250
6962181067,160,2016-05-10 16:00:00,2016-05-10,51,0.85,1460
6962181067,146,2016-05-10 17:00:00,2016-05-10,32,0.533333,1740
6962181067,119,2016-05-10 18:00:00,2016-05-10,30,0.5,750
6962181067,104,2016-05-10 19:00:00,2016-05-10,24,0.4,532
6962181067,54,2016-05-10 20:00:00,2016-05-10,0,0.0,0
6962181067,57,2016-05-10 21:00:00,2016-05-10,2,0.033333,13
6962181067,59,2016-05-10 22:00:00,2016-05-10,3,0.05,72
6962181067,56,2016-05-10 23:00:00,2016-05-10,1,0.016667,7
6962181067,54,2016-05-11 00:00:00,2016-05-11,0,0.0,0
6962181067,54,2016-05-11 01:00:00,2016-05-11,0,0.0,0
6962181067,54,2016-05-11 02:00:00,2016-05-11,0,0.0,0
6962181067,54,2016-05-11 03:00:00,2016-05-11,0,0.0,0
6962181067,54,2016-05-11 04:00:00,2016-05-11,0,0.0,0
6962181067,57,2016-05-11 05:00:00,2016-05-11,2,0.033333,22
6962181067,54,2016-05-11 06:00:00,2016-05-11,0,0.0,0
6962181067,60,2016-05-11 07:00:00,2016-05-11,4,0.066667,50
6962181067,125,2016-05-11 08:00:00,2016-05-11,33,0.55,713
6962181067,230,2016-05-11 09:00:00,2016-05-11,96,1.6,2873
6962181067,100,2016-05-11 10:00:00,2016-05-11,20,0.333333,481
6962181067,85,2016-05-11 11:00:00,2016-05-11,11,0.183333,403
6962181067,96,2016-05-11 12:00:00,2016-05-11,23,0.383333,394
6962181067,56,2016-05-11 13:00:00,2016-05-11,0,0.0,0
6962181067,59,2016-05-11 14:00:00,2016-05-11,2,0.033333,31
6962181067,87,2016-05-11 15:00:00,2016-05-11,18,0.3,421
6962181067,94,2016-05-11 16:00:00,2016-05-11,18,0.3,440
6962181067,73,2016-05-11 17:00:00,2016-05-11,10,0.166667,152
6962181067,63,2016-05-11 18:00:00,2016-05-11,5,0.083333,79
6962181067,73,2016-05-11 19:00:00,2016-05-11,9,0.15,265
6962181067,76,2016-05-11 20:00:00,2016-05-11,13,0.216667,134
6962181067,74,2016-05-11 21:00:00,2016-05-11,11,0.183333,156
6962181067,67,2016-05-11 22:00:00,2016-05-11,9,0.15,99
6962181067,56,2016-05-11 23:00:00,2016-05-11,1,0.016667,9
6962181067,54,2016-05-12 00:00:00,2016-05-12,0,0.0,0
6962181067,57,2016-05-12 01:00:00,2016-05-12,2,0.033333,41
6962181067,54,2016-05-12 02:00:00,2016-05-12,0,0.0,0
6962181067,54,2016-05-12 03:00:00,2016-05-12,0,0.0,0
6962181067,55,2016-05-12 04:00:00,2016-05-12,0,0.0,0
6962181067,54,2016-05-12 05:00:00,2016-05-12,0,0.0,0
6962181067,54,2016-05-12 06:00:00,2016-05-12,0,0.0,0
6962181067,54,2016-05-12 07:00:00,2016-05-12,0,0.0,0
6962181067,112,2016-05-12 08:00:00,2016-05-12,32,0.533333,644
6962181067,116,2016-05-12 09:00:00,2016-05-12,29,0.483333,585
6962181067,149,2016-05-12 10:00:00,2016-05-12,34,0.566667,1599
6962181067,112,2016-05-12 11:00:00,2016-05-12,24,0.4,700
